id,name,origin,row,match
14975736733574051164,Abrothrix_longipilis,HP3,1,6848015420785565305
715714297508212046,Abrothrix_olivaceus,HP3,2,9065679477084833052
1835251220577791906,Abrothrix_sanborni,HP3,3,2720394318832590321
1096306331703369428,Acinonyx_jubatus,HP3,4,13285023522293525038
2475720266014927486,Aepyceros_melampus,HP3,5,17822440688256672448
15132168768582611063,Aethomys_kaiseri,HP3,6,13956277891630946060
2652507486757730605,Aethomys_namaquensis,HP3,7,13089921109222512986
16201848109545987269,Akodon_azarae,HP3,8,16160775744051496596
12056735723201456722,Akodon_montensis,HP3,9,5316765016268041600
16006356837513587209,Akodon_paranaensis,HP3,10,3091203838126397288
11644930653719793733,Akodon_simulator,HP3,11,13193737794409714636
733052105569344167,Akodon_varius,HP3,12,15831227088567657960
15528005974109775687,Alcelaphus_buselaphus,HP3,13,11182284303620591696
6982127076370694763,Alces_alces,HP3,14,10767015500454383482
13047934519247975308,Allenopithecus_nigroviridis,HP3,15,10252708791616116289
1445001533332946450,Alopex_lagopus,HP3,16,9983169477512454858
17680716240573306037,Alouatta_caraya,HP3,17,5806332538760584110
2073520633912646988,Alouatta_palliata,HP3,18,15809521420636268383
8426142923887002147,Alouatta_pigra,HP3,19,4887401299649317833
8205077005404559894,Alouatta_seniculus,HP3,20,1195945772964864143
16345483165790434708,Ammospermophilus_nelsoni,HP3,21,6969456708330043161
2810180097151261121,Ammotragus_lervia,HP3,22,7024760671160685311
17010576024574365231,Anoura_geoffroyi,HP3,23,4203123062800616911
6503452814911530494,Antidorcas_marsupialis,HP3,24,2401050431590036064
1383414199776670843,Antilocapra_americana,HP3,25,6301116087032818539
14061282049995910620,Antilope_cervicapra,HP3,26,15846008879089652657
3331817215691123072,Antrozous_pallidus,HP3,27,11663629864463886954
1135149025422362376,Aotus_azarae,HP3,28,2848213426434475934
7929711254231979362,Aotus_trivirgatus,HP3,29,15370322567191341515
17716297156863150055,Apodemus_agrarius,HP3,30,4114618634499107799
12040814466941272334,Apodemus_argenteus,HP3,31,12657946779909107248
13419261503363070691,Apodemus_flavicollis,HP3,32,16669794266348090918
11375687377548003839,Apodemus_mystacinus,HP3,33,7598960064748164964
6819907536230834669,Apodemus_peninsulae,HP3,34,5736303390475495985
2712247677191609635,Apodemus_speciosus,HP3,35,1522450807161115082
15307270564562330165,Apodemus_sylvaticus,HP3,36,7989275137954946388
16141765518209181104,Apodemus_uralensis,HP3,37,1101537114114884792
5211744164396786142,Arctocephalus_australis,HP3,38,9461095985676660650
6047457838021509699,Artibeus_cinereus,HP3,39,13431928160744815735
10421000367869093456,Artibeus_fimbriatus,HP3,40,17204228829426622103
14093214341044069996,Artibeus_jamaicensis,HP3,41,6870295891203950392
16502992816553330860,Artibeus_lituratus,HP3,42,12665250842748232114
2135310041097239735,Artibeus_phaeotis,HP3,43,11561734790171253166
17157513440363252175,Artibeus_planirostris,HP3,44,12004864498776333471
1023167487719391327,Artibeus_toltecus,HP3,45,15219369947784496476
16170487010764077599,Arvicanthis_neumanni,HP3,46,13435982907562129440
5370600265448504009,Arvicanthis_niloticus,HP3,47,14297214982982908710
9873572327098455280,Arvicola_amphibius,HP3,48,6619495104168492981
17022402765557300725,Arvicola_scherman,HP3,49,16741343283767920043
2708123243588651444,Atelerix_albiventris,HP3,50,14929634107903256950
14902731169475103115,Ateles_geoffroyi,HP3,51,3992750136208717625
15575632365788838494,Ateles_paniscus,HP3,52,6265119903436983206
12230105824220770685,Atilax_paludinosus,HP3,53,7294448386126356366
14099242939731813746,Axis_axis,HP3,54,15160741864646953856
2037910131925111988,Baiomys_taylori,HP3,55,9592741043292930249
18318044798334360134,Balaenoptera_acutorostrata,HP3,56,5655243784403090372
4612002672736649640,Balaenoptera_borealis,HP3,57,3331010373155985690
4208250306588237665,Balaenoptera_physalus,HP3,58,1659537155776656263
12337141837380903949,Bandicota_bengalensis,HP3,59,10034161867131965741
8226319727505187152,Bandicota_indica,HP3,60,11452887750674926134
6221279506725213397,Bandicota_savilei,HP3,61,383427420287390552
2816088648641434708,Barbastella_barbastellus,HP3,62,1453467301406365859
8087769121162887608,Bassaricyon_gabbii,HP3,63,10244473717218686034
10666267407634443549,Bibimys_chacoensis,HP3,64,7488937360555371341
13218042795018281112,Bison_bison,HP3,65,8218172994904860804
7073808488476278434,Bison_bonasus,HP3,66,15595286446920979687
4890019379659885638,Blastocerus_dichotomus,HP3,67,10401477376185373138
6566920518432376166,Bos_gaurus,HP3,68,2739981566127096202
6549541244084411904,Bos_javanicus,HP3,69,8916248066769356642
9002064672862877457,Bos_mutus,HP3,70,15819133197094451074
1899582492037069568,Bos_taurus,HP3,71,7000205579752114781
1421869021978727866,Boselaphus_tragocamelus,HP3,72,10907796076170936245
9312603635483645001,Bradypus_tridactylus,HP3,73,1534348845044988140
11047949074183046641,Bradypus_variegatus,HP3,74,16801966037877530839
6127504252637872633,Bubalus_arnee,HP3,75,17099499304545033034
14992848649224180007,Bubalus_bubalis,HP3,76,7603456541962397622
1986391103166538692,Cabassous_centralis,HP3,77,5074554500611882859
15384243714163115312,Callithrix_geoffroyi,HP3,78,7276973825811105724
10978408311867868924,Callithrix_jacchus,HP3,79,13463679309042593054
18059401978610343975,Calomys_callosus,HP3,80,13576623870616697823
5619165131265093686,Calomys_laucha,HP3,81,12244413417190832841
9135264664779359894,Calomys_musculinus,HP3,82,1753562091794659543
2182999150500450626,Calomys_tener,HP3,83,5925383195552801406
12033488007358128402,Caluromys_derbianus,HP3,84,8972573236325351429
14962949096227823295,Caluromys_philander,HP3,85,14205756561273584308
15513334476036518877,Camelus_bactrianus,HP3,86,12013665462346772776
5776135242170146608,Camelus_dromedarius,HP3,87,10295783941956201966
13069979024540605496,Canis_adustus,HP3,88,18254912649067176893
5755231040685704209,Canis_aureus,HP3,89,6916020401433237227
4957848142510357876,Canis_familiaris,HP3,90,16765575843639915509
5517364713519045237,Canis_latrans,HP3,91,5984095678187583426
1203859205969198980,Canis_lupus,HP3,92,9034921872382534373
11810808395001943213,Canis_mesomelas,HP3,93,1007723887981326587
13038818999661921333,Canis_simensis,HP3,94,17067091511053783280
3336194886088013757,Capra_aegagrus,HP3,95,15986226426376334309
7128294547817933701,Capra_hircus,HP3,96,3840319419829106423
17095837704201826314,Capra_ibex,HP3,97,5370363801249234569
16535017689041615041,Capra_pyrenaica,HP3,98,9894563016286708424
4687388594503264946,Capreolus_capreolus,HP3,99,17128966538559665133
15166865648586590567,Capricornis_crispus,HP3,100,896138563267940212
13504327001887965355,Caracal_caracal,HP3,101,16213552400690455488
17599625146948626769,Carollia_brevicauda,HP3,102,8606351019146318230
9799556440301050562,Carollia_perspicillata,HP3,103,12419509332362748431
6733825461179740706,Carollia_subrufa,HP3,104,16414661165701963449
10025092997050554410,Castor_fiber,HP3,105,6144478814019506186
15332277498884013076,Cavia_porcellus,HP3,106,6738175078873153442
1637293222583318915,Cebus_apella,HP3,107,11126420099869068238
1357747655009382021,Cebus_capucinus,HP3,108,7548044657757768075
9770693932389337515,Cephalophus_callipygus,HP3,109,15239317823324904729
12850862566054555981,Cephalophus_dorsalis,HP3,110,8091645115457286160
4624017392178633190,Cephalophus_leucogaster,HP3,111,5235638132145669188
6738569503023049971,Cephalophus_nigrifrons,HP3,112,16502476659938460659
15664181156198587304,Cephalophus_weynsi,HP3,113,6693177509387294921
2402010724655107790,Ceratotherium_simum,HP3,114,18104365783461345602
2209647277720674207,Cercocebus_agilis,HP3,115,3446577662162524735
17371477020024024793,Cercocebus_atys,HP3,116,10844573153566835342
7402834705781627215,Cercocebus_chrysogaster,HP3,117,440615404934365378
10692132186306403436,Cercocebus_galeritus,HP3,118,14913507489657022258
6657262176912717837,Cercocebus_torquatus,HP3,119,15411386690536960396
8033074866540148229,Cercopithecus_ascanius,HP3,120,9644486396948649158
2750726635496388681,Cercopithecus_campbelli,HP3,121,7745668648899782878
16488186224384149748,Cercopithecus_cephus,HP3,122,5661012519057792596
18227126870629428410,Cercopithecus_diana,HP3,123,7266427986835367074
11435890841109976083,Cercopithecus_erythrotis,HP3,124,15786855024255989608
962805301747473132,Cercopithecus_lhoesti,HP3,125,12867191307526207699
603591426518521879,Cercopithecus_mitis,HP3,126,692962776581945395
7526529146840337356,Cercopithecus_mona,HP3,127,11864965845977500843
14130027823023428651,Cercopithecus_neglectus,HP3,128,14059882757975969494
9116412714405906810,Cercopithecus_nictitans,HP3,129,17084956179346164618
1273132049372192641,Cercopithecus_petaurista,HP3,130,2969237898078297210
18190906709177411720,Cercopithecus_pogonias,HP3,131,2884511276129812780
13777789285103663190,Cercopithecus_solatus,HP3,132,6281148022516201354
16329887461335582672,Cerdocyon_thous,HP3,133,1348005623187259472
15914941091032779467,Cervus_elaphus,HP3,134,2546828938647302144
15691428963189415724,Cervus_nippon,HP3,135,4597211332157239891
4838258545923770971,Cervus_timorensis,HP3,136,1356377961245158103
13309732630358175730,Chaetodipus_hispidus,HP3,137,6491781474968903047
14352215448891600701,Chaetodipus_spinatus,HP3,138,16178351675082995976
9907974200132537131,Chaetophractus_vellerosus,HP3,139,5200931514646532571
1270243138408143483,Chionomys_roberti,HP3,140,17697055294678067891
14406283942499407885,Chironectes_minimus,HP3,141,8443299814898854025
16998997395663837516,Chlorocebus_aethiops,HP3,142,5567493173808095746
4031526601126953858,Chlorocebus_pygerythrus,HP3,143,13277643055547963556
16195129742637809162,Chlorocebus_sabaeus,HP3,144,12283812643214910583
10119564035455311929,Choeropsis_liberiensis,HP3,145,10069389157136792916
5599846715460306468,Choloepus_didactylus,HP3,146,9930711017815910442
3972695307833317346,Choloepus_hoffmanni,HP3,147,2920276682157524145
13153379337464710555,Chrotopterus_auritus,HP3,148,7734642384611890244
13824060722663098115,Chrysocyon_brachyurus,HP3,149,18399559400278934099
14872080484750783950,Coendou_prehensilis,HP3,150,17706971217101486421
6516286176445337288,Coendou_rothschildi,HP3,151,387994474770535558
13113746346355370660,Colobus_guereza,HP3,152,8841945988187450282
17002136720575554454,Colobus_polykomos,HP3,153,6683957759767502217
7275463901121708837,Connochaetes_gnou,HP3,154,15944606593908886730
7969545240075416623,Connochaetes_taurinus,HP3,155,14186590855289633124
7575600284495500743,Corynorhinus_townsendii,HP3,156,9746793082687425070
16474314224532527609,Cricetomys_emini,HP3,157,15599887146732579073
3525217674235665653,Cricetomys_gambianus,HP3,158,16947488656275277669
13018498899780682214,Cricetus_cricetus,HP3,159,12542738264532666448
16283722212758625936,Crocidura_leucodon,HP3,160,17295245932194675294
15120965114513162122,Crocidura_russula,HP3,161,11437962592155593620
11223211972557174461,Crocuta_crocuta,HP3,162,7654619610215653498
16529539149397572696,Cuniculus_paca,HP3,163,1298144272478106274
11297930709606493285,Cynictis_penicillata,HP3,164,7409360281509711410
12524952154694346472,Cynomops_abrasus,HP3,165,3140498003501908411
929527602596176976,Cynomops_planirostris,HP3,166,1589453996724226792
10891184318416362734,Cynomys_ludovicianus,HP3,167,1672553145790947058
5389356067551183810,Cynopterus_brachyotis,HP3,168,1737386064652678346
6020197685032882660,Cynopterus_sphinx,HP3,169,148909679000738103
6836952487553515872,Cystophora_cristata,HP3,170,3510172197081646749
13508341424411315717,Dama_dama,HP3,171,1898225389345665732
9544042252573296198,Damaliscus_lunatus,HP3,172,18084211689349624958
13457775011879105133,Damaliscus_pygargus,HP3,173,1703425078992856441
12808091819983944200,Dasymys_incomtus,HP3,174,8856109819769910475
17805407010903394626,Dasyprocta_leporina,HP3,175,8778036364111008167
6630147790734667110,Dasyprocta_punctata,HP3,176,3895257373628650210
16984540630780363117,Dasypus_novemcinctus,HP3,177,2350718097876997250
93659037563614572,Delphinus_delphis,HP3,178,17461727151731655297
16041797072839401833,Desmodillus_auricularis,HP3,179,14385734753237842005
14611854574036788764,Desmodus_rotundus,HP3,180,18085168242667475820
2970046899066466442,Diaemus_youngi,HP3,181,7321250256800394803
2029909806548429765,Diceros_bicornis,HP3,182,8226340361697656425
1120537686411327852,Diclidurus_albus,HP3,183,8283322178228715467
4412770850999039988,Didelphis_marsupialis,HP3,184,13622377388364318572
2307575979884798597,Didelphis_virginiana,HP3,185,3865290703167005930
11488946548827883995,Diphylla_ecaudata,HP3,186,17896075639365360047
6423513904782129734,Diplomys_labilis,HP3,187,17288051335979258799
4268005104300802415,Dipodomys_heermanni,HP3,188,5272223038337981324
9973860504917809184,Dipodomys_merriami,HP3,189,3296312942994667268
12594418588374859693,Dipodomys_nitratoides,HP3,190,12024881714727581994
8036178940699529950,Dobsonia_anderseni,HP3,191,94026906662108449
3411143142422677577,Dobsonia_moluccensis,HP3,192,4227359947511984619
7297000344519365442,Dorcopsis_muelleri,HP3,193,7320192644003761202
14962016458916680299,Eidolon_dupreanum,HP3,194,16078637075674955550
12298173983934833564,Eidolon_helvum,HP3,195,17205204538948143716
16369341997173634869,Elephas_maximus,HP3,196,6310654444334912655
12537860628908477164,Eonycteris_spelaea,HP3,197,2780572967121164786
615787867704900539,Epomophorus_gambianus,HP3,198,4061876027863994211
12898486158641456724,Epomophorus_labiatus,HP3,199,16498713874539531156
4102621592940592833,Epomophorus_wahlbergi,HP3,200,3854995639270139146
2254146130840702866,Epomops_dobsonii,HP3,201,17531321374520950348
3258250680211769921,Epomops_franqueti,HP3,202,5293698820211927316
11220998441352436887,Eptesicus_brasiliensis,HP3,203,10693902727122874916
11954754522265220108,Eptesicus_diminutus,HP3,204,16589581470068339055
18161149722570249053,Eptesicus_furinalis,HP3,205,7547043896855301339
2924214377258053350,Eptesicus_fuscus,HP3,206,2925521490185342255
5528745885431473869,Eptesicus_serotinus,HP3,207,8449284226261986415
6448368995425239512,Equus_asinus,HP3,208,11903179120716664459
16707471984646364924,Equus_caballus,HP3,209,17784862893145637511
17362693410709617386,Equus_hemionus,HP3,210,7221693829867846462
17698920139693174863,Equus_quagga,HP3,211,3754516184283236304
16518266113015348574,Erethizon_dorsatum,HP3,212,77977265210692289
1402353025237892826,Erinaceus_europaeus,HP3,213,13591978848825300988
4978914975595928720,Erythrocebus_patas,HP3,214,13581807461924132300
750610114809949759,Eschrichtius_robustus,HP3,215,2818654291026964884
5114664132898202711,Euderma_maculatum,HP3,216,2520354283181995953
14759673199699824096,Eudorcas_thomsonii,HP3,217,11944306992452844628
3106048628548752567,Eulemur_albifrons,HP3,218,1695278115281717282
13395574412214921761,Eulemur_macaco,HP3,219,2138703443225222153
5065481489023298554,Eumetopias_jubatus,HP3,220,1304834479912028428
5864707834650159335,Eumops_auripendulus,HP3,221,14477406338240553040
17375319485440956466,Eumops_glaucinus,HP3,222,17224310072462491493
4197168806244401186,Eumops_patagonicus,HP3,223,14116269819100049526
17039181817650952673,Eumops_perotis,HP3,224,6925555806366732242
2659890224133290271,Felis_catus,HP3,225,14603283524976697718
2199387275928023341,Felis_concolor,HP3,226,15757497238869149793
11742500898724682179,Felis_nigripes,HP3,227,7133948504527811231
680265186550843282,Felis_silvestris,HP3,228,13063342809845290335
1367072378622007969,Funambulus_tristriatus,HP3,229,16598781952552764055
17997593860757395510,Funisciurus_anerythrus,HP3,230,5730477008529812870
1860046397752693156,Funisciurus_congicus,HP3,231,18019882630003827890
8266569163371606754,Galago_senegalensis,HP3,232,8516023142087044146
8539241559173920843,Galictis_cuja,HP3,233,15055300979966458349
5141787791767265472,Gazella_dorcas,HP3,234,14260501287007741744
18097713241296343305,Gazella_gazella,HP3,235,10598045930282986156
14442332422161007825,Gazella_subgutturosa,HP3,236,14998492344919668540
5504680778546468967,Genetta_genetta,HP3,237,10492374854419092566
8311162413678134815,Genetta_maculata,HP3,238,11358952031951116451
18247555464622982262,Gerbilliscus_brantsii,HP3,239,9423531215428002255
12042332664489467567,Gerbilliscus_kempi,HP3,240,2121290452386041274
3863174516214091577,Gerbilliscus_leucogaster,HP3,241,13194089818603268948
494692006957008801,Gerbilliscus_validus,HP3,242,5913889925445643748
15873591303834440158,Giraffa_camelopardalis,HP3,243,13514781803563183767
17507172258470064698,Glaucomys_volans,HP3,244,10435207959639659847
11150381586909651016,Glauconycteris_argentata,HP3,245,5522987937236725514
3479218469177184604,Glis_glis,HP3,246,16040951258855388387
8185191342903239965,Globicephala_melas,HP3,247,15061656476142190263
8590318958586019808,Glossophaga_commissarisi,HP3,248,9776259733118081360
6045242969816886097,Glossophaga_longirostris,HP3,249,17532231631381592469
7192440225232269962,Glossophaga_morenoi,HP3,250,1131287341637870785
17651712453580077941,Glossophaga_soricina,HP3,251,6508016482949378974
126556570264658359,Gorilla_beringei,HP3,252,13171720803585654385
3206259450029420821,Gorilla_gorilla,HP3,253,7990715352021983000
9426165165017915371,Graomys_griseoflavus,HP3,254,12823631789363539466
13255248630752778065,Halichoerus_grypus,HP3,255,7851983532952691550
242995967764569516,Handleyomys_alfaroi,HP3,256,15337838071461572152
4782092073869574621,Handleyomys_fuscatus,HP3,257,8075525291786437959
9478280026844673752,Heliosciurus_rufobrachium,HP3,258,10617398248003709785
8334536072958943035,Herpestes_sanguineus,HP3,259,1233553141517785327
15074633053952684236,Heteromys_anomalus,HP3,260,16925637591078358750
3232466515167506689,Hipposideros_abae,HP3,261,16398780137493220811
5579436749850902331,Hipposideros_armiger,HP3,262,5211851743682511517
2113959124226096211,Hipposideros_bicolor,HP3,263,5571836946119026036
17738945583362448140,Hipposideros_caffer,HP3,264,10872234131765809482
9155484983951668604,Hipposideros_cineraceus,HP3,265,4421303184802267438
18290028523059525023,Hipposideros_diadema,HP3,266,4586548137192494366
16394990181413052255,Hipposideros_lankadiva,HP3,267,18228073543726691407
1492736393681605666,Hipposideros_larvatus,HP3,268,5607992460892727590
1399293598426244912,Hipposideros_pomona,HP3,269,16559503699821904676
16955420713069135834,Hipposideros_speoris,HP3,270,11702138900966690131
2810923280719590570,Hippotragus_equinus,HP3,271,9130322157029271633
9463620891890147520,Hippotragus_niger,HP3,272,5083557025287573851
14982321010592822214,Histiotus_montanus,HP3,273,12706112333788407579
7016048041624997591,Histiotus_velatus,HP3,274,12234214921984124344
2854617417135190473,Holochilus_sciureus,HP3,275,477765069322122541
9878198104245618960,Homo_sapiens,HP3,276,1078946539259188831
2040421252215392897,Hoplomys_gymnurus,HP3,277,7245343957606665355
6359536087027569782,Hydrochoerus_hydrochaeris,HP3,278,2781110378084811161
6173378416565117107,Hydromys_chrysogaster,HP3,279,48687969088182352
14165759298334608156,Hylaeamys_laticeps,HP3,280,14535075634967251552
567635542855854853,Hylaeamys_megacephalus,HP3,281,6917471090939320853
4954458541734477048,Hylobates_lar,HP3,282,10531052475615104429
17304573940664948180,Hylobates_moloch,HP3,283,12878824243166929372
2634917555419000659,Hylobates_pileatus,HP3,284,11759424604861832499
6543601641410651010,Hypsignathus_monstrosus,HP3,285,7141519580456627014
12816427987208660247,Hystrix_africaeaustralis,HP3,286,1245263178563048462
14948887885858947701,Ichneumia_albicauda,HP3,287,3206912664618968322
10518380360947489963,Isoodon_macrourus,HP3,288,11883964065319817321
7806838339386322925,Kobus_ellipsiprymnus,HP3,289,5575005652154406301
12852153560196237352,Lagothrix_lagotricha,HP3,290,5076263253140060818
10016141662229254426,Lama_glama,HP3,291,5703281977348466527
7110318161930993358,Lama_pacos,HP3,292,14944805641982357624
13372463998249605023,Lasionycteris_noctivagans,HP3,293,11375607595906571893
11502352315009421183,Lasiurus_blossevillii,HP3,294,2125680877114021738
13694213628405964247,Lasiurus_borealis,HP3,295,2464070930998582464
1598784592117755496,Lasiurus_cinereus,HP3,296,17337073076109250362
4673569596269899328,Lasiurus_ega,HP3,297,5605167019519967345
986703078484450356,Lasiurus_egregius,HP3,298,9015807132451824046
8816301254274082596,Lasiurus_intermedius,HP3,299,5322261326648071671
8883569159788974676,Lasiurus_seminolus,HP3,300,15588673112787635858
13424543068593046578,Lasiurus_xanthinus,HP3,301,17083428966731057844
11355574720543702390,Lemmus_lemmus,HP3,302,9422891208067916932
5690778654977162992,Lemmus_sibiricus,HP3,303,14135273758972287594
13144010039240215144,Lemniscomys_rosalia,HP3,304,7037207400010972341
14531007774916536058,Lemniscomys_striatus,HP3,305,2200671789541938611
3617468067101628186,Lemur_catta,HP3,306,18027802646634469783
13911273813162435858,Leontopithecus_chrysomelas,HP3,307,12804957399817338424
7375726390219612881,Leopardus_geoffroyi,HP3,308,9760456928711257263
10769354235987171532,Leopardus_pardalis,HP3,309,8698117682636790558
6455651332598800897,Leptonychotes_weddellii,HP3,310,3489005107889790849
17939365883761266201,Leptonycteris_curasoae,HP3,311,1236246885697603129
15660146790910741905,Leptonycteris_nivalis,HP3,312,2083112297995952586
1072739683363829787,Lepus_americanus,HP3,313,6156191980214499320
8421865627096646969,Lepus_californicus,HP3,314,423345549321704415
302517115293269661,Lepus_capensis,HP3,315,8114864155578401550
5636246864310262902,Lepus_europaeus,HP3,316,11385463639506032638
17945565402143983705,Lepus_saxatilis,HP3,317,275035738562087768
1779307187508126978,Lepus_timidus,HP3,318,4883337922230714728
4372007780462641642,Liomys_adspersus,HP3,319,6666266650508031340
7676680976384226839,Lobodon_carcinophaga,HP3,320,17807745568213949789
3038860628036694239,Lonchophylla_robusta,HP3,321,11709594613062802612
2110471843352510608,Lontra_canadensis,HP3,322,11138136311408887403
1390364133856913299,Lophocebus_albigena,HP3,323,14018567452541762683
18143724328732647177,Lophostoma_silvicolum,HP3,324,10699934680599079012
6142918806029523150,Lophuromys_flavopunctatus,HP3,325,10340980073592095986
11039135896474935517,Lophuromys_sikapusi,HP3,326,8042665838631033935
11201697221453656402,Loxodonta_africana,HP3,327,3501480664367279312
5698641228604644312,Loxodontomys_micropus,HP3,328,11215470551477457307
10814964380063539996,Lutra_lutra,HP3,329,9277372160785767026
16136790655638591661,Lycaon_pictus,HP3,330,9810606066052023741
12265689003867872339,Lynx_lynx,HP3,331,10669495191192616298
14304341674113766984,Lynx_pardinus,HP3,332,3336807050047875156
13168024033320514030,Lynx_rufus,HP3,333,345475846834473337
8636170993566986397,Macaca_arctoides,HP3,334,6676523754114016679
5455911286594810450,Macaca_cyclopis,HP3,335,13079465599888608529
457114968408639474,Macaca_fascicularis,HP3,336,7219138776959174837
9583310148028347962,Macaca_fuscata,HP3,337,12199185063345356776
8839494169153440452,Macaca_maura,HP3,338,2227761628322672535
7063620121146663163,Macaca_mulatta,HP3,339,12836764106683762012
16510234391647162095,Macaca_nemestrina,HP3,340,13732361778581657647
7459560546956958670,Macaca_nigra,HP3,341,13314013109979236106
977382938203563369,Macaca_ochreata,HP3,342,13249682191138794413
11470363494447483578,Macaca_radiata,HP3,343,4839016051871512642
3862922297943324305,Macaca_silenus,HP3,344,1872974798403872346
15067388289717137440,Macaca_sinica,HP3,345,7407165597241519405
5562787238762714739,Macaca_sylvanus,HP3,346,11429376592912245687
8018318597633563793,Macaca_tonkeana,HP3,347,4049625877510127412
1661276805122445149,Macroglossus_minimus,HP3,348,13822365707981408237
11243796846727732581,Macropus_agilis,HP3,349,10187493109765790101
9660771686592340949,Macropus_fuliginosus,HP3,350,13295990436547625427
6843273556982127686,Macropus_giganteus,HP3,351,5375552265581992628
9773246432488974439,Macropus_parma,HP3,352,3091426491960983112
17437842244942933366,Macropus_robustus,HP3,353,5900200588938425307
16822342727836404515,Macropus_rufogriseus,HP3,354,11205818815118663827
3173403783737528381,Macropus_rufus,HP3,355,14363697079238057625
17489192362608899671,Macrotus_californicus,HP3,356,11734726341071789965
11674064037079212436,Madromys_blanfordi,HP3,357,8271058701131692881
18411875561640449404,Mandrillus_leucophaeus,HP3,358,17734733672046651823
17575139830931938159,Mandrillus_sphinx,HP3,359,491082232720059497
13861417716436858457,Marmosa_murina,HP3,360,2232682336769326513
10340013490587735819,Marmota_flaviventris,HP3,361,15440056236939963516
251945738340515630,Marmota_monax,HP3,362,17882086641372916869
7469356720068771235,Martes_foina,HP3,363,9169008206496253916
4858683721304426770,Martes_pennanti,HP3,364,7053312280832798475
9153824574479308203,Mastomys_coucha,HP3,365,17895916844922517319
18148767505168650096,Mastomys_erythroleucus,HP3,366,771154229084546817
6455184053267253810,Mastomys_huberti,HP3,367,279857616649472478
11194175674148263005,Mastomys_natalensis,HP3,368,89374129132540658
875410778614790121,Mazama_gouazoubira,HP3,369,9753200924222362070
1686393069722052210,Megaderma_lyra,HP3,370,8951702177048612254
12492860086327505650,Megadontomys_nelsoni,HP3,371,2775104312804102529
5369787463055665815,Melanomys_caliginosus,HP3,372,17752391612014310652
3704233415945309639,Meles_meles,HP3,373,2412456649044961072
2517133422859066084,Mellivora_capensis,HP3,374,11397212389589317461
16539283628580449686,Melogale_moschata,HP3,375,14913779772691606035
4695768868888687145,Mephitis_mephitis,HP3,376,13061378501067693323
13498330401730178835,Meriones_hurrianae,HP3,377,12608418624043182925
17025267569277519209,Meriones_libycus,HP3,378,18220473754729250197
5687182103817460204,Mesocricetus_auratus,HP3,379,11023403866920787994
12967437471417344666,Metachirus_nudicaudatus,HP3,380,4949408539733697433
18175162157599349307,Mico_leucippe,HP3,381,15810041713866184059
1381536189577268259,Micromys_minutus,HP3,382,3040829804080082804
3904495789788363601,Micronycteris_megalotis,HP3,383,17553183468140926677
12234888882779763747,Micropteropus_pusillus,HP3,384,16083824156082799660
15053377022755742842,Microtus_agrestis,HP3,385,17577611568361237928
16777417394282356919,Microtus_arvalis,HP3,386,14074807709390638478
5199635524729555642,Microtus_californicus,HP3,387,10723646736925193855
1686956298535628765,Microtus_fortis,HP3,388,10406128774155874686
7934626822164033175,Microtus_gregalis,HP3,389,16609988294146495567
1627736829416554347,Microtus_levis,HP3,390,2261895761759233069
2550860475066527763,Microtus_maximowiczii,HP3,391,3708908511061191265
13572319227163866247,Microtus_ochrogaster,HP3,392,4741093817857844265
8133320243455045512,Microtus_oeconomus,HP3,393,2039174088195415082
5623924021496258198,Microtus_pennsylvanicus,HP3,394,14544659165163032436
9094109312299881626,Microtus_subterraneus,HP3,395,12019090266225530559
8473022086266685712,Millardia_meltada,HP3,396,11552767024798895913
13908509036441478833,Mimon_crenulatum,HP3,397,808935958135880876
9562898067500075868,Miniopterus_fuliginosus,HP3,398,17509615311785493999
16696388273480834646,Miniopterus_inflatus,HP3,399,7207498155525505652
7503861406025303760,Miniopterus_schreibersii,HP3,400,17304795749621454566
10866989813909277412,Miopithecus_talapoin,HP3,401,1729390770667857008
7705365304509548622,Mirounga_leonina,HP3,402,8774389688579964729
14282802115072594562,Molossops_neglectus,HP3,403,1661610149204213617
17216043087122638754,Molossus_molossus,HP3,404,1298616619800835024
16207876090362270829,Molossus_rufus,HP3,405,13251933999421214379
4477471973576865254,Mormoops_megalophylla,HP3,406,2705029230945075159
986232024833911705,Mungos_mungo,HP3,407,1474687588187082239
4216342536702179098,Muntiacus_muntjak,HP3,408,5543490692618408972
16461605647121728635,Murina_aurata,HP3,409,1810079668453305232
9585774669111090758,Murina_leucogaster,HP3,410,17251225685009569396
6535787796547279202,Mus_booduga,HP3,411,4590246831196257743
7053062172579840172,Mus_cervicolor,HP3,412,13866198038368369082
13260141719431586493,Mus_musculus,HP3,413,2675183823548632308
10196898856626705853,Mus_setulosus,HP3,414,4858607244095418627
12061724394427579451,Mus_spicilegus,HP3,415,7398462692284104799
2764077024020471942,Mus_spretus,HP3,416,15295255355830438253
10057684713437322856,Mustela_lutreola,HP3,417,12608837470233120888
1964256528488224731,Mustela_nigripes,HP3,418,8380175874379081940
126679657902520583,Myocastor_coypus,HP3,419,7816465846752738210
5397492030069904485,Myodes_gapperi,HP3,420,7851880641058691527
2987447944063524469,Myodes_glareolus,HP3,421,7535331472566706178
13068637743952175326,Myodes_regulus,HP3,422,3696450449632602618
11073901479144897411,Myodes_rufocanus,HP3,423,14795272460848670479
7637109710349437986,Myodes_rutilus,HP3,424,4548842167067712482
18424721204724744176,Myonycteris_torquata,HP3,425,16559754027654908056
12856159337372685657,Myotis_albescens,HP3,426,9935674477502757026
7050156793074220920,Myotis_austroriparius,HP3,427,15759559820060595220
16398041865772301748,Myotis_blythii,HP3,428,11008219546360034453
12619626242964136477,Myotis_californicus,HP3,429,5244990662240708002
11315344592792782126,Myotis_chiloensis,HP3,430,8534401639785340891
14258402068001170658,Myotis_dasycneme,HP3,431,9235812165905799387
12123948549177094809,Myotis_daubentonii,HP3,432,11416458919946479379
6279181136849151523,Myotis_evotis,HP3,433,2858185558063967583
2297163400246965025,Myotis_grisescens,HP3,434,12442857706375910944
10190797141340413134,Myotis_keenii,HP3,435,15182020503051893130
7775195017830593022,Myotis_leibii,HP3,436,6921705445093332561
3526932112612471713,Myotis_levis,HP3,437,2842214082839512148
10161193809497621085,Myotis_lucifugus,HP3,438,3478607936838392468
6239361567289725143,Myotis_macrodactylus,HP3,439,3865305784753790713
6591775016742610121,Myotis_myotis,HP3,440,685696905820777313
13753861103035584721,Myotis_mystacinus,HP3,441,5728672071712715577
12251662266495726205,Myotis_nattereri,HP3,442,16328936240333648980
2218441833592898795,Myotis_nigricans,HP3,443,14101646017364581099
9229703628991509029,Myotis_pilosus,HP3,444,8597493594170601414
17517683787207422304,Myotis_riparius,HP3,445,5044012558114441608
5733160273367271760,Myotis_septentrionalis,HP3,446,14955292712729618752
8902288822100335991,Myotis_thysanodes,HP3,447,5442727433749690535
14277695906940549296,Myotis_velifer,HP3,448,6709132444005514337
13900875330698380135,Myotis_volans,HP3,449,5073927624667468989
10407558430058906929,Myotis_yumanensis,HP3,450,13697820167748015387
15816471379364471256,Myrmecophaga_tridactyla,HP3,451,13707480051993769632
2398932811678676938,Nanger_granti,HP3,452,14546044388180304411
2867186247482302314,Nasua_narica,HP3,453,11317300080997783938
1061520146823834408,Natalus_stramineus,HP3,454,16839401076967399503
5008095786215285991,Natalus_tumidirostris,HP3,455,10691687976987344763
14701259339808102118,Neacomys_guianae,HP3,456,8971920748968938802
4628401000952067115,Neacomys_spinosus,HP3,457,9382051824673336128
8782659027515033643,Necromys_amoenus,HP3,458,12442154739290372171
12528875137833174975,Necromys_benefactus,HP3,459,6612515824688640997
13518262470672445730,Necromys_lasiurus,HP3,460,5759052398524262747
15698149008090146628,Necromys_obscurus,HP3,461,12026738362091496113
8347572435515297813,Nectomys_squamipes,HP3,462,14682932637789599000
6473196285185045924,Neotoma_albigula,HP3,463,5745954100330145279
9298736976940859760,Neotoma_cinerea,HP3,464,8397221485309454658
12674404742473502334,Neotoma_floridana,HP3,465,335048489680865307
4403582253988624089,Neotoma_fuscipes,HP3,466,2666470386874154388
10779704791299705111,Neotoma_lepida,HP3,467,1800283116252549217
980735542923425415,Neotoma_macrotis,HP3,468,14466584362991415238
14183377913383014208,Neotoma_stephensi,HP3,469,10275281174137947721
10179194034340510343,Neovison_vison,HP3,470,11567096870981184630
5580749771497176591,Nephelomys_albigularis,HP3,471,2188925214159548895
10455169816736669200,Niviventer_confucianus,HP3,472,12966973549052412447
16141102584802192899,Nomascus_leucogenys,HP3,473,2966935297090647240
3772434463222196403,Nyctalus_noctula,HP3,474,17877063417098824901
3407129979834124912,Nyctereutes_procyonoides,HP3,475,7588049218363327454
10258068018359325806,Nycteris_gambiensis,HP3,476,1520903302457150023
16870811300493511607,Nycteris_nana,HP3,477,10278911660058801738
16389272081609616887,Nycteris_thebaica,HP3,478,11592654194666075023
10883471566881605710,Nycticebus_coucang,HP3,479,14674981467646182435
9492565598619868194,Nycticeius_humeralis,HP3,480,16244593575140679157
15887548488856809949,Nyctinomops_laticaudatus,HP3,481,7922726819162416037
13456904994576171556,Nyctinomops_macrotis,HP3,482,12853749578405730450
9950755883076164274,Odobenus_rosmarus,HP3,483,11975899665384681871
15840639869763013584,Odocoileus_hemionus,HP3,484,13612295378089716242
16034015324633171121,Odocoileus_virginianus,HP3,485,7822450790256230112
15311776654551801490,Oecomys_bicolor,HP3,486,13418910975738969506
17714284771492663701,Oecomys_paricola,HP3,487,8323057235158423841
15747423511965500116,Oligoryzomys_chacoensis,HP3,488,1492167047263577590
15069165728180501740,Oligoryzomys_flavescens,HP3,489,3163450945593474443
11208673682958977981,Oligoryzomys_fornesi,HP3,490,9401459107618815017
3490754719770452649,Oligoryzomys_fulvescens,HP3,491,9250188808582752746
9729558716737227714,Oligoryzomys_longicaudatus,HP3,492,12099483028784952930
6709445133222630876,Oligoryzomys_microtis,HP3,493,2588909384771174302
16940535353322442253,Oligoryzomys_nigripes,HP3,494,985059858130778037
1006585927908650771,Ondatra_zibethicus,HP3,495,14839775642623650839
14614073684349279682,Onychomys_leucogaster,HP3,496,15205047500949339415
303372794001607919,Onychomys_torridus,HP3,497,15584460031150787953
14047700001040688312,Orcinus_orca,HP3,498,10837181937985248351
9145461280761965422,Oreamnos_americanus,HP3,499,1429863213659471460
6951892890136394773,Oryctolagus_cuniculus,HP3,500,10484987430202293202
15389084576414169838,Oryx_beisa,HP3,501,4844639371907722615
5600482592497837982,Oryx_gazella,HP3,502,4769885330084017477
10417837367527198301,Oryx_leucoryx,HP3,503,13957309695684257721
15451779408903322482,Oryzomys_couesi,HP3,504,660607404999312373
3402561986081455935,Oryzomys_palustris,HP3,505,7979773474980810082
1747546983434925925,Otocyon_megalotis,HP3,506,14214450224006686918
2166311538476769005,Otomys_irroratus,HP3,507,16115086389968714845
8575918274278516185,Otomys_tropicalis,HP3,508,3378258241584840896
15379788137704670845,Ourebia_ourebi,HP3,509,4476682770675768093
7217169605445563849,Ovibos_moschatus,HP3,510,6976778637967651504
3244172818631897412,Ovis_aries,HP3,511,10253334357413090639
4045425781665880205,Ovis_canadensis,HP3,512,6458686945918438148
17252171163978324526,Ovis_dalli,HP3,513,11262535165704493410
10373708320936081083,Ovis_orientalis,HP3,514,191994427078802451
10584644054896258156,Oxymycterus_rufus,HP3,515,14419307951699612719
1168990804310111027,Ozotoceros_bezoarticus,HP3,516,16781263725737354122
11301947482295516222,Pagophilus_groenlandicus,HP3,517,15087190964006533043
4448873139377609862,Paguma_larvata,HP3,518,1802332773018147103
6286049315740919870,Pan_paniscus,HP3,519,10787455877889942554
6571798240943596756,Pan_troglodytes,HP3,520,12451801968238530121
3690170732158094479,Panthera_leo,HP3,521,2533356377871267122
3817114832895979141,Panthera_pardus,HP3,522,13530614373934410271
14437009308186807106,Papio_anubis,HP3,523,9632728116078746728
9735154053590065506,Papio_cynocephalus,HP3,524,7445891909153395163
349435314709775336,Papio_hamadryas,HP3,525,16447942282643047262
3737658059618953619,Papio_papio,HP3,526,3506435342795631741
15219622944547308608,Papio_ursinus,HP3,527,11388874954906033180
14904387769931013213,Pedetes_capensis,HP3,528,1774956059685573200
9605914384981404008,Pelomys_isseli,HP3,529,17255871507202635739
139784312006462041,Perameles_nasuta,HP3,530,8657186104791942928
5184287036445458080,Perognathus_parvus,HP3,531,5372475713223752752
16293382568928147640,Peromyscus_attwateri,HP3,532,2928882328826922888
7940936441200599347,Peromyscus_boylii,HP3,533,1659739668365917792
11455598080025823967,Peromyscus_californicus,HP3,534,12106209634477625910
15862236972270974120,Peromyscus_eremicus,HP3,535,12673005088349452251
5035228736885813194,Peromyscus_gossypinus,HP3,536,11118456532322716400
15501515016209744300,Peromyscus_leucopus,HP3,537,5963306616366663189
14052538548092156976,Peromyscus_maniculatus,HP3,538,12211326229873698245
57973858678558354,Peromyscus_megalops,HP3,539,8078456991276651706
14284518164996214058,Peromyscus_melanophrys,HP3,540,1730933419180120437
11553815679177294065,Peromyscus_melanotis,HP3,541,233399298570824985
7676723680259016575,Peromyscus_mexicanus,HP3,542,7710926720933568370
11182390559639976280,Peromyscus_truei,HP3,543,12498929245266505697
7541677927882858116,Phacochoerus_aethiopicus,HP3,544,13446267145313172806
18280101151845233841,Phacochoerus_africanus,HP3,545,10672885472150016277
6140222690499391906,Philander_opossum,HP3,546,12503303219336628135
3461909157901736828,Philantomba_monticola,HP3,547,11930760733395950889
13304711555537615473,Philetor_brachypterus,HP3,548,4337975412478873989
12695876482961812213,Phoca_vitulina,HP3,549,1060063587919445878
17942120765985287242,Phocoena_phocoena,HP3,550,723681966824069213
5975490530329686480,Phocoena_spinipinnis,HP3,551,16029811578228027523
10826384244656144206,Phocoenoides_dalli,HP3,552,1206000612471797989
11349485686479730878,Phyllostomus_discolor,HP3,553,9536997908060739086
6871404212318419234,Phyllostomus_hastatus,HP3,554,8758588439067768018
9223797126599669389,Phyllotis_darwini,HP3,555,16227401068177273734
7299658174088588791,Physeter_macrocephalus,HP3,556,13823842800569241294
13463141033265172238,Pipistrellus_abramus,HP3,557,15727623295439526975
12995874915087331221,Pipistrellus_ceylonicus,HP3,558,9145556292218100640
4601998846072072474,Pipistrellus_hesperus,HP3,559,12915667573575861373
3969232861717335194,Pipistrellus_kuhlii,HP3,560,3137771954403010886
15791975351799977598,Pipistrellus_nathusii,HP3,561,12996493083181253265
4117868319806358439,Pipistrellus_pipistrellus,HP3,562,13016497293434082019
2778446499080050120,Pipistrellus_subflavus,HP3,563,11463860061269667379
6055243118996574778,Pithecia_monachus,HP3,564,15082496996684854605
5130204677260945857,Pithecia_pithecia,HP3,565,16107327347437102746
14277544564129574390,Platyrrhinus_helleri,HP3,566,10347436827557668378
1895527065298189719,Platyrrhinus_lineatus,HP3,567,1985463869754913722
6594135112600005429,Plecotus_auritus,HP3,568,12073181206359137918
3794938537485119016,Pongo_abelii,HP3,569,17606591690456296412
4368038070841272720,Pongo_pygmaeus,HP3,570,14784861476497565496
15058842120100913554,Potamochoerus_porcus,HP3,571,3862517211267657911
11057831316501914448,Potos_flavus,HP3,572,9199444686490679467
5984821856618675142,Praomys_jacksoni,HP3,573,8660347869316411020
5382464852567766601,Presbytis_melalophos,HP3,574,6388549575577760940
16420631830286799909,Prionailurus_bengalensis,HP3,575,13067556807754570732
9280306411716620518,Procapra_gutturosa,HP3,576,12754462719606553089
12171695585360072453,Procolobus_badius,HP3,577,17432000771664566647
16400092476936863097,Procolobus_rufomitratus,HP3,578,1885635635581588509
5382691636485603691,Procyon_lotor,HP3,579,8627371575593446287
18018426916599033997,Proechimys_guairae,HP3,580,6720978410397754412
17727027657139014863,Proechimys_guyannensis,HP3,581,13020768943904488821
676768179858991193,Proechimys_longicaudatus,HP3,582,4921360113815966033
2147018315729579733,Proechimys_semispinosus,HP3,583,9979462677947859365
5888432181783741114,Proteles_cristata,HP3,584,15458146843183489061
11809566937097244091,Pseudalopex_gymnocercus,HP3,585,9863087617092096571
9106400193317864007,Pseudalopex_vetulus,HP3,586,14587625898880230944
14012760898697354898,Pseudois_nayaur,HP3,587,18439835961699515461
1798075798331352023,Pteronotus_davyi,HP3,588,1098364231289611350
2022288376844444447,Pteronotus_parnellii,HP3,589,11010832012207271763
12295096393042218627,Pteropus_admiralitatum,HP3,590,12061112910424577014
6796746059430429840,Pteropus_alecto,HP3,591,12823309806645606831
16708064072529602771,Pteropus_capistratus,HP3,592,6323627848434835608
8851790538001423178,Pteropus_conspicillatus,HP3,593,2624995439864188490
7855166527610650428,Pteropus_giganteus,HP3,594,8427874218706260301
1136236640139085227,Pteropus_hypomelanus,HP3,595,4156444096732111234
5818822525135661370,Pteropus_lylei,HP3,596,7447151671451572272
2245653208566621135,Pteropus_neohibernicus,HP3,597,1373591512081007056
5679957444309292159,Pteropus_poliocephalus,HP3,598,16922786013991307764
8300264257944265899,Pteropus_rufus,HP3,599,15428348037193941125
2873545842577029829,Pteropus_scapulatus,HP3,600,17345298940698389982
5894349747385563296,Pteropus_vampyrus,HP3,601,967385458204071064
624987015624488898,Pudu_puda,HP3,602,7708756827503370771
9106195868710826239,Puma_concolor,HP3,603,3323651897804696633
14654709810984937424,Pusa_caspica,HP3,604,5384907161022373832
5687378752491001665,Pusa_hispida,HP3,605,7381792702542903767
10755050359991916688,Pusa_sibirica,HP3,606,5493924300781297659
6930052114142879011,Pygathrix_nemaeus,HP3,607,2281554760090341737
14229814141580005771,Rangifer_tarandus,HP3,608,1889763670717939867
16329829523541758908,Raphicerus_sharpei,HP3,609,13649316069356736805
14615769593242981247,Rattus_exulans,HP3,610,10282549079708463144
431856094673074029,Rattus_fuscipes,HP3,611,7854612783914424822
2438116230464111967,Rattus_losea,HP3,612,13573060246452922916
3878530194174874362,Rattus_norvegicus,HP3,613,8787389024647185281
15995900604890447330,Rattus_rattus,HP3,614,2164495184383610081
10503599678432900433,Rattus_tanezumi,HP3,615,13206467860361087211
14240679818865113699,Rattus_tiomanicus,HP3,616,15660366596270755359
8405878784341151297,Redunca_arundinum,HP3,617,432868318249036710
13487341232358105228,Redunca_fulvorufula,HP3,618,16547541675722168151
10227342217102235027,Reithrodontomys_fulvescens,HP3,619,17947180568935234471
16878221271494139600,Reithrodontomys_megalotis,HP3,620,15103628099802022300
12958289786585014391,Reithrodontomys_mexicanus,HP3,621,17398353843775904121
2591567183751964470,Rhabdomys_pumilio,HP3,622,3179262206322960852
12753163073975989065,Rhinolophus_affinis,HP3,623,8992074052617357152
13955289584830037216,Rhinolophus_blasii,HP3,624,258289867151151942
15147885493462016773,Rhinolophus_eloquens,HP3,625,7386538540283801415
18134423712461802987,Rhinolophus_euryale,HP3,626,249455603778302748
10410984938190792546,Rhinolophus_ferrumequinum,HP3,627,3166664642312269003
3812720423650121955,Rhinolophus_hildebrandti,HP3,628,13272474878183930418
16970681468828357252,Rhinolophus_lepidus,HP3,629,6520326066128289224
15682939323823174372,Rhinolophus_macrotis,HP3,630,8929153074703708119
2017112809851551462,Rhinolophus_mehelyi,HP3,631,11965166900745591118
17574548915969986250,Rhinolophus_pearsonii,HP3,632,7728815341019575356
4678925633799360902,Rhinolophus_pusillus,HP3,633,9848718096853572620
8750595269807058558,Rhinolophus_rouxii,HP3,634,1958858843878170136
12153068257494910831,Rhinolophus_sinicus,HP3,635,9143437394816509585
12419259088543443716,Rhogeessa_parvula,HP3,636,17654338884353310845
2623087209581300921,Rhombomys_opimus,HP3,637,3675982612172770740
777183897309685824,Rhynchonycteris_naso,HP3,638,844877704707343108
8239641154559400480,Rousettus_aegyptiacus,HP3,639,15735908641453223096
2126222191867942769,Rousettus_amplexicaudatus,HP3,640,16142124214838183984
6091457351313203536,Rousettus_leschenaultii,HP3,641,18397847998927141264
11232259132365604683,Rousettus_madagascariensis,HP3,642,4502902079050898711
909657971728614929,Rupicapra_pyrenaica,HP3,643,17865380158317108850
3201795457311762700,Rupicapra_rupicapra,HP3,644,14568030398568307962
14221450910934058438,Rusa_unicolor,HP3,645,548503339715103512
17819123128860327428,Saccolaimus_flaviventris,HP3,646,1893838305870565604
3377573213872323484,Saccolaimus_saccolaimus,HP3,647,6838717369820162750
9825502221746993376,Saguinus_geoffroyi,HP3,648,5591654925471058782
12692978211632007085,Saguinus_labiatus,HP3,649,17254265351198583920
6593156026324997624,Saguinus_midas,HP3,650,11872132523595540686
3862124335119579945,Saguinus_mystax,HP3,651,2112314986808449005
13159905400622977244,Saguinus_nigricollis,HP3,652,14354160423471908358
788821906848147186,Saguinus_oedipus,HP3,653,13067296682807408955
10884735280127390259,Saiga_tatarica,HP3,654,6314429198077335708
13236364883138436905,Saimiri_sciureus,HP3,655,298807361823707515
225355898111226486,Sciurus_carolinensis,HP3,656,13704317771640446419
6448067638920603025,Sciurus_granatensis,HP3,657,16269700515522073527
11704038817744294874,Sciurus_griseus,HP3,658,18336514308889527152
11543748482477541783,Sciurus_niger,HP3,659,7243590622844555877
3050927656628677365,Sciurus_variegatoides,HP3,660,2763242487956989133
5509517934354680300,Sciurus_vulgaris,HP3,661,6190942346430084965
10732070981068309708,Scotophilus_kuhlii,HP3,662,11866292868025569134
4715767503838683951,Scotophilus_nigrita,HP3,663,3475538063544158658
505092261765855823,Semnopithecus_entellus,HP3,664,14558653761534058992
10073111947149883333,Setonix_brachyurus,HP3,665,7460603010584054507
3723869885538504568,Sigmodon_alstoni,HP3,666,7319804311388395603
4273671986086725520,Sigmodon_hispidus,HP3,667,11048357380854976566
12869950775128173160,Sigmodon_toltecus,HP3,668,4850162521254678875
1570833960579141499,Sooretamys_angouya,HP3,669,984831714064219244
17832657125897760454,Sorex_araneus,HP3,670,16301281490846604365
8240912782926050692,Spermophilus_beecheyi,HP3,671,1062988551614929979
9377515280526199931,Spermophilus_citellus,HP3,672,17781325381179045680
6384467879863127543,Spermophilus_columbianus,HP3,673,7060209769623388071
156568917946441160,Spermophilus_fulvus,HP3,674,17621755448417988122
15250473097516109595,Spermophilus_lateralis,HP3,675,18202640901622231717
16775514368387477902,Spermophilus_parryii,HP3,676,10491610047953295927
16535439329503021169,Spermophilus_richardsonii,HP3,677,15362245585915675908
7593972514830955623,Spermophilus_tridecemlineatus,HP3,678,476045049993198712
11401957360962391065,Spermophilus_undulatus,HP3,679,16018175723038712873
8260946833232169510,Spermophilus_variegatus,HP3,680,4665020120561809425
7859163421333204568,Stenella_coeruleoalba,HP3,681,18399437593278204465
11298295010435618185,Sturnira_lilium,HP3,682,11734035237666381962
10592660523998274925,Sturnira_ludovici,HP3,683,9563431401295149943
8022890869241096483,Sturnira_tildae,HP3,684,17174383918330364007
15119835976649624418,Suncus_murinus,HP3,685,1557702191507643514
11521097454473407137,Suricata_suricatta,HP3,686,6704261805004333781
11184523130480952978,Sus_scrofa,HP3,687,6590869712528215994
17377742283720158009,Syconycteris_australis,HP3,688,12818593268028739709
15471023835662628915,Sylvicapra_grimmia,HP3,689,4372622412573950895
6844516249988875138,Sylvilagus_aquaticus,HP3,690,7291710369462494563
400734649880594347,Sylvilagus_audubonii,HP3,691,917752715884382287
1613557973805570125,Sylvilagus_bachmani,HP3,692,8153341139242531759
3682451021895428157,Sylvilagus_brasiliensis,HP3,693,844998692486875398
14358018058641133189,Sylvilagus_floridanus,HP3,694,1162939562909650727
750776109501188550,Sylvilagus_nuttallii,HP3,695,16885628895715605450
10130339032084912425,Syncerus_caffer,HP3,696,7204830410435770430
7288923617619434382,Tadarida_brasiliensis,HP3,697,9592069994343914935
8293773446376601633,Tadarida_condylura,HP3,698,13286508647537145122
17996633852480386754,Tadarida_plicata,HP3,699,13947455211804805442
13075263878586426944,Tadarida_pumila,HP3,700,4411238011589715459
13925877522486805227,Tadarida_teniotis,HP3,701,4131160760912254521
5630808869561235357,Tamandua_tetradactyla,HP3,702,4073288624425998589
11574999115629871365,Tamias_amoenus,HP3,703,7573575097586010434
103035203296511652,Tamias_minimus,HP3,704,18285367130929127616
37512005353499261,Tamias_sibiricus,HP3,705,286472152107880267
1731365683414291888,Tamias_striatus,HP3,706,4167890757564036201
17249919107635188316,Tamias_umbrinus,HP3,707,2858854122837188609
8769201087215469044,Tamiasciurus_hudsonicus,HP3,708,7651832699422442378
12411782935989538431,Taphozous_melanopogon,HP3,709,8950491943174061735
3888478866297027016,Taphozous_perforatus,HP3,710,17888702339351585626
14938340724460188415,Taphozous_theobaldi,HP3,711,9036387896448123500
15949343871356811012,Tatera_indica,HP3,712,16157242310249698699
4780621879398071869,Taxidea_taxus,HP3,713,3357698929386950910
8839729627506326226,Thaptomys_nigrita,HP3,714,12314677768683510739
626343279309362691,Theropithecus_gelada,HP3,715,12452617189603052636
2700369129548379933,Thomomys_talpoides,HP3,716,3758832310545737256
6482767691053368921,Thryonomys_swinderianus,HP3,717,1961949351251279694
8331680407571034073,Tolypeutes_matacus,HP3,718,17002096229717071963
11375911428175785421,Tonatia_bidens,HP3,719,11307057150881735932
15050324962816642480,Trachypithecus_cristatus,HP3,720,7607639326049285470
7456751896809598845,Trachypithecus_francoisi,HP3,721,11229531139830516280
12636444420058258995,Trachypithecus_obscurus,HP3,722,11453929594713297687
7887239097337188356,Tragelaphus_angasii,HP3,723,17863793338774459372
14953566451678058865,Tragelaphus_eurycerus,HP3,724,5731389205751997124
12415643130645993989,Tragelaphus_imberbis,HP3,725,8582266815000886118
3986400634662615044,Tragelaphus_oryx,HP3,726,13196395045434181806
8343830646480997194,Tragelaphus_scriptus,HP3,727,9875860801247729050
11171485942400368389,Tragelaphus_strepsiceros,HP3,728,14024049832755987916
17343293232531366265,Tragulus_javanicus,HP3,729,6908728821619282795
9603839303656383124,Trichosurus_vulpecula,HP3,730,1779598498046521734
7458028071583862425,Trinomys_iheringi,HP3,731,14128498006884395247
16406378612612283236,Tupaia_belangeri,HP3,732,12864102653877431817
18381337404923081158,Tursiops_truncatus,HP3,733,7981620484505006754
10269864521533868748,Tylomys_nudicaudus,HP3,734,14528010039159115012
3817274933999187193,Urocyon_cinereoargenteus,HP3,735,10542125555744990381
18204616177974541043,Urocyon_littoralis,HP3,736,15819325849697459595
6568955113400785226,Uroderma_bilobatum,HP3,737,7232129407321048370
5645818894816426965,Ursus_americanus,HP3,738,12592964923936665161
5316480792058382194,Ursus_arctos,HP3,739,5048761257762928421
16976764519961134404,Ursus_maritimus,HP3,740,4492564291043853007
1623964640423224999,Vampyrodes_caraccioli,HP3,741,18113475124299211074
11480970377896293093,Vandeleuria_oleracea,HP3,742,12050428860931498614
15098693351186543550,Varecia_variegata,HP3,743,6267097626134976369
8079422150619072166,Vespadelus_pumilus,HP3,744,2664442664423296311
2003855875568769076,Vespertilio_murinus,HP3,745,17202449530399583400
14395316745897143460,Vespertilio_sinensis,HP3,746,1205259114240483599
3614315110128878914,Vicugna_vicugna,HP3,747,3765635446727395443
15499521172612169178,Vulpes_corsac,HP3,748,8591017701226014590
16076926033961438696,Vulpes_velox,HP3,749,12392578366868537192
6401839986806092650,Vulpes_vulpes,HP3,750,14610331923491335727
2074414533377733779,Xerus_erythropus,HP3,751,5633997056136538150
7747190043745910342,Xerus_inauris,HP3,752,5048165140167215564
3316133878067606618,Zalophus_californianus,HP3,753,5429207404895376461
16134928627685660005,Zygodontomys_brevicauda,HP3,754,17774410941238572852
17156070782460599623,Adelaide_River_virus,HP3,1,918852363060706166
6537203029902336170,Adeno-associated_virus-1,HP3,2,7249896121150161449
10450735804796081297,Adeno-associated_virus-2,HP3,3,7249896121150161449
3053900238917078719,Adeno-associated_virus-5,HP3,4,7249896121150161449
4607927096310097740,African_green_monkey_polyomavirus,HP3,5,18152368349978234457
16834775006661311117,African_green_monkey_simian_foamy_virus,HP3,6,7975634567983682849
6337087174054177454,African_horse_sickness_virus,HP3,7,7055020983933784677
5877676713675437914,African_swine_fever_virus,HP3,8,10166289403970578344
10463365808305905558,Aichi_virus,HP3,9,12106179609008031291
987719371652572623,Akabane_virus,HP3,10,1724949540715396842
1152132591744803582,Alcelaphine_herpesvirus_1,HP3,11,17240511702601413543
17591725513422724516,Alcelaphine_herpesvirus_2,HP3,12,17240511702601413543
11723703306837437406,Aleutian_mink_disease_virus,HP3,13,17645535966173159026
5864151468213584996,Allpaahuayo_virus,HP3,14,16522677568810927764
12839862590907267233,Amapari_virus,HP3,15,16522677568810927764
18346352125791371250,Andes_virus,HP3,16,16159011180191366400
13584768564303063796,Anopheles_A_virus,HP3,17,1724949540715396842
4289955516429212387,Anopheles_B_virus,HP3,18,1724949540715396842
4268706806710258366,Apoi_virus,HP3,19,13306825547880724363
13796760002182634584,Aravan_virus,HP3,21,10961155947341168905
106145014945139896,Arctic_squirrel_hepatitis_virus,HP3,22,17641872472698456080
5852343647941844510,Aroa_virus,HP3,23,13306825547880724363
10502054118239209141,Arumowot_virus,HP3,24,16154559338891578623
3528425061814415609,Ateline_herpesvirus_1,HP3,25,15283020291305211762
16837691062540119582,Ateline_herpesvirus_2,HP3,26,17240511702601413543
18340987334481863159,Aura_virus,HP3,27,10409296354806856476
1349940724217319607,Australian_bat_lyssavirus,HP3,28,10961155947341168905
13504324977747390684,Baboon_orthoreovirus,HP3,29,15067776180688612060
11874650872024111854,Baboon_polyomavirus_2,HP3,30,18152368349978234457
11392890214354859032,Bakau_virus,HP3,31,1724949540715396842
2688330662089612810,Banna_virus,HP3,33,2587666896516405793
3288292478756892029,Banzi_virus,HP3,34,13306825547880724363
12582990511237967752,Barmah_Forest_virus,HP3,35,10409296354806856476
16286268199107649498,Bayou_virus,HP3,37,16159011180191366400
16652566605715367827,Bear_Canyon_virus,HP3,38,16522677568810927764
12660712999051653033,Bebaru_virus,HP3,39,10409296354806856476
7042201971909544041,Berrimah_virus,HP3,40,918852363060706166
457071346428068863,Bimiti_virus,HP3,42,1724949540715396842
688954441855169429,BK_polyomavirus,HP3,44,18152368349978234457
757806137847825554,Black_Creek_Canal_virus,HP3,45,16159011180191366400
3390518629826330528,Bluetongue_virus,HP3,46,7055020983933784677
3341286332777839796,Border_disease_virus,HP3,47,2745562292673396756
4771212092025188345,Borna_disease_virus,HP3,48,5114961802596274447
2690047413676184651,Bouboui_virus,HP3,49,13306825547880724363
17806486794628535497,Bovine_adenovirus_A,HP3,50,5318253573193370686
10108981295825129448,Bovine_adenovirus_B,HP3,51,5318253573193370686
1800971589203908170,Bovine_adenovirus_C,HP3,52,5318253573193370686
13380283184646407733,Bovine_adenovirus_D,HP3,53,12893468214060943781
8661475511298363453,Bovine_adenovirus_E,HP3,54,12893468214060943781
16492162225706225881,Bovine_astrovirus,HP3,55,16250480143584633165
18112072482691455736,Bovine_coronavirus,HP3,56,3815317888457908518
5375145707256847433,Bovine_ephemeral_fever_virus,HP3,58,918852363060706166
11892871985450517814,Bovine_foamy_virus,HP3,59,7975634567983682849
2681458355597084942,Bovine_herpesvirus_1,HP3,60,12867420305443085121
485219537679551073,Bovine_herpesvirus_2,HP3,61,15283020291305211762
3608969388943787933,Bovine_herpesvirus_4,HP3,62,17240511702601413543
1881366740745924650,Bovine_herpesvirus_5,HP3,63,12867420305443085121
9159456699954216982,Bovine_immunodeficiency_virus,HP3,64,13388425299037685747
17786189149304279470,Bovine_leukemia_virus,HP3,65,4463316421517354443
11321437915071620510,Bovine_norovirus-CH126,HP3,66,2449502508099333359
1002503066881459596,Bovine_norovirus-Jena,HP3,67,2449502508099333359
14226400905551270184,Bovine_papillomavirus_1,HP3,68,4492119138060040470
3136496847498798708,Bovine_papillomavirus_3,HP3,69,9407761001981205687
12609618881716655505,Bovine_papillomavirus_5,HP3,70,8466277824095305325
10870745200898855492,Bovine_papular_stomatitis_virus,HP3,71,11647395962367848568
13122920425040064884,Bovine_parainfluenza_virus_3,HP3,72,13897983374776971474
12757485541209514904,Bovine_parvovirus,HP3,73,12592461559162729351
2595234816200857988,Bovine_polyomavirus,HP3,74,18152368349978234457
5637782048735955356,Bovine_respiratory_syncytial_virus,HP3,75,4769900256555430791
4644253032496164610,Bovine_torovirus,HP3,76,6692564793119851763
17586860628219751084,Bovine_viral_diarrhea_virus_1,HP3,77,2745562292673396756
1540767526180714174,Bovine_viral_diarrhea_virus_2,HP3,78,2745562292673396756
1873412341181179343,Bubaline_herpesvirus_1,HP3,79,12867420305443085121
7612469954121752202,Bujaru_virus,HP3,80,16154559338891578623
15626719969771187423,Bukalasa_bat_virus,HP3,81,13306825547880724363
7057404262494510188,Bunyamwera_virus,HP3,82,1724949540715396842
9115270708539449553,Bwamba_virus,HP3,83,1724949540715396842
11247245573571796522,Cabassou_virus,HP3,84,10409296354806856476
15795238180618931138,Cacipacore_virus,HP3,85,13306825547880724363
13462781053803235924,California_encephalitis_virus,HP3,86,1724949540715396842
15724479234335631720,Callitrichine_herpesvirus_3,HP3,88,612644582634710544
11159460590232540650,Camelpox_virus,HP3,89,739285727120266295
13170017216115098085,Canid_herpesvirus_1,HP3,90,12867420305443085121
8489454800476842464,Canine_adenovirus,HP3,91,5318253573193370686
12503613311491552476,Canine_coronavirus,HP3,93,3815317888457908518
9672548602128104480,Canine_distemper_virus,HP3,94,11808593188393283746
13729134585474688994,Canine_minute_virus,HP3,95,12592461559162729351
14891250338655290882,Canine_oral_papillomavirus,HP3,96,7969760475398318923
1377947330496222416,Cano_Delgadito_virus,HP3,97,16159011180191366400
12356326655604964279,Caprine_arthritis_encephalitis_virus,HP3,98,13388425299037685747
10520187337172416487,Caprine_herpesvirus_1,HP3,99,12867420305443085121
7507939039240444391,Caraparu_virus,HP3,100,1724949540715396842
15958033624074836921,Carey_Island_virus,HP3,101,13306825547880724363
6382833114198683884,Catu_virus,HP3,102,1724949540715396842
14227822753942844367,Caviid_herpesvirus_1,HP3,103,4741714894715700911
9597844170784569356,Caviid_herpesvirus_3,HP3,105,4741714894715700911
3601270699527920894,Cercopithecine_herpesvirus_1,HP3,106,15283020291305211762
2981304505111306319,Cercopithecine_herpesvirus_12,HP3,107,612644582634710544
17864506768708197083,Cercopithecine_herpesvirus_14,HP3,108,612644582634710544
17225312312278353724,Cercopithecine_herpesvirus_15,HP3,109,612644582634710544
18096259309066751633,Cercopithecine_herpesvirus_16,HP3,110,15283020291305211762
6097315343379664332,Cercopithecine_herpesvirus_17,HP3,111,17240511702601413543
8855745515163550286,Cercopithecine_herpesvirus_2,HP3,112,15283020291305211762
13506876020706890656,Cercopithecine_herpesvirus_5,HP3,113,6817972800589535644
11742453681465057165,Cercopithecine_herpesvirus_8,HP3,114,6817972800589535644
2401402240633451631,Cercopithecine_herpesvirus_9,HP3,115,12867420305443085121
13375951973789857251,Cervid_herpesvirus_1,HP3,116,12867420305443085121
2989494288617364648,Cervid_herpesvirus_2,HP3,117,12867420305443085121
3158957395580766579,Cetacean_morbillivirus_virus,HP3,118,11808593188393283746
1546544083710804766,Chagres_virus,HP3,119,16154559338891578623
12914292949711575407,Chandipura_virus,HP3,120,1372813548941941705
215602390778273105,Candiru_virus,HP3,121,16154559338891578623
5068968914753482608,Changuinola_virus,HP3,122,7055020983933784677
730948041700087579,Chikungunya_virus,HP3,123,10409296354806856476
1073591502296532171,Chipmunk_parvovirus,HP3,124,8604628073591606968
3184187089121761368,Chobar_Gorge_virus,HP3,125,7055020983933784677
1339667413696689190,Classical_swine_fever_virus,HP3,126,2745562292673396756
11390631843955041094,Cocal_virus,HP3,127,1372813548941941705
1568137603310692540,Colorado_tick_fever_virus,HP3,128,4212564144434232694
5700938571370022874,Corriparta_virus,HP3,129,7055020983933784677
9364086753930569001,Cote_d'Ivoire_ebolavirus,HP3,130,6396568215579314399
3977527951243284588,Cottontail_rabbit_papillomavirus,HP3,131,8976764036568644696
14860170123361129595,Cowbone_Ridge_virus,HP3,132,13306825547880724363
17675287054471846917,Cowpox_virus,HP3,133,739285727120266295
14599524355828044729,Cricetid_herpesvirus,HP3,134,4741714894715700911
6544785357539398567,Crimean-Congo_hemorrhagic_fever_virus,HP3,135,3379834614971174675
7351886607854344557,Cupixi_virus,HP3,136,16522677568810927764
3899598975332712613,Dakar_bat_virus,HP3,137,13306825547880724363
13966068676845707160,Deer_adenovirus,HP3,138,12893468214060943781
11951676095333562249,Deer_papillomavirus,HP3,139,4492119138060040470
13120900932876957746,Dengue_virus,HP3,140,13306825547880724363
11330716355901753230,Dera_Ghazi_Khan_virus,HP3,141,3379834614971174675
8957144298712035477,Dhori_virus,HP3,142,7174196416357698013
18119491300758849118,Dobrava-Belgrade_virus,HP3,143,16159011180191366400
3301998906230472574,Dugbe_virus,HP3,144,3379834614971174675
3071758950824149652,Duvenhage_virus,HP3,145,10961155947341168905
5154969066566824397,Eastern_equine_encephalitis_virus,HP3,146,10409296354806856476
25836230273752892,Ectromelia_virus,HP3,147,739285727120266295
11323801434949723237,El_Moro_Canyon_virus,HP3,148,16159011180191366400
10447145266344039820,Encephalomyocarditis_virus,HP3,149,532771265622582438
5792181074795390740,Entebbe_bat_virus,HP3,150,13306825547880724363
11799468802461072923,Epizootic_hemorrhagic_disease_virus,HP3,151,7055020983933784677
4471284570703323300,Equid_herpesvirus_1,HP3,152,12867420305443085121
10082991047692562066,Equid_herpesvirus_2,HP3,153,17240511702601413543
7187295781448265820,Equid_herpesvirus_3,HP3,154,12867420305443085121
17596268720117157625,Equid_herpesvirus_4,HP3,155,12867420305443085121
9784398315238840067,Equid_herpesvirus_5,HP3,156,17240511702601413543
9185191662607134836,Equid_herpesvirus_7,HP3,157,17240511702601413543
15088535002318122430,Equid_herpesvirus_8,HP3,158,12867420305443085121
2651193144063243612,Equid_herpesvirus_9,HP3,159,12867420305443085121
17778350877561688645,Equine_adenovirus_A,HP3,160,5318253573193370686
8871561659459357215,Equine_adenovirus_B,HP3,161,5318253573193370686
2813017245130323866,Equine_arteritis_virus,HP3,162,15851945231041212308
13389493695921096368,Equine_encephalosis_virus,HP3,163,7055020983933784677
17236148308694957274,Equine_foamy_virus,HP3,164,7975634567983682849
723779042099893704,Equine_infectious_anemia_virus,HP3,165,13388425299037685747
16027501175520980252,Equine_papillomavirus_1,HP3,166,3347370306332414846
14970567740730782703,Equine_rhinitis_A_virus,HP3,167,1737116320638543735
11880413265957720075,Equine_rhinitis_B_virus,HP3,168,4219125824802873931
14384220580245848891,Equine_torovirus,HP3,169,6692564793119851763
10946397011590064936,Eubenangee_virus,HP3,170,7055020983933784677
18112857299839610344,European_bat_lyssavirus_1,HP3,171,10961155947341168905
12441503151014892723,European_bat_lyssavirus_2,HP3,172,10961155947341168905
7107890470721837714,European_brown_hare_syndrome_virus,HP3,173,11356323417636283253
13775411033881180888,European_elk_papillomavirus,HP3,174,4492119138060040470
3223665346342201276,Everglades_virus,HP3,175,10409296354806856476
10975951463936354632,Eyach_virus,HP3,176,4212564144434232694
14768442151760991936,Felid_herpesvirus_1,HP3,177,12867420305443085121
9581882684705546654,Feline_astrovirus,HP3,178,16250480143584633165
11556161315350657741,Feline_calicivirus,HP3,179,3050164769481128151
13337709122351893854,Feline_coronavirus,HP3,180,3815317888457908518
2786529643592730688,Feline_foamy_virus,HP3,181,7975634567983682849
18172487531078497150,Feline_immunodeficiency_virus,HP3,182,13388425299037685747
8016644566461612518,Feline_leukemia_virus,HP3,183,4958431031298394178
2229083607746837403,Feline_panleukopenia_virus,HP3,184,4171969815605109723
8341674359157059571,Feline_papillomavirus,HP3,185,7969760475398318923
11107381926420607924,Flexal_virus,HP3,186,16522677568810927764
3204245762854746900,Foot-and-mouth_disease_virus,HP3,187,1737116320638543735
6191200282980197340,GB_virus_B,HP3,190,5638649087291880347
8599039397653287821,Getah_virus,HP3,192,10409296354806856476
16169366679123830505,Gibbon_ape_leukemia_virus,HP3,193,4958431031298394178
3806147636183432160,Goat_adenovirus,HP3,194,5318253573193370686
12876079028525279340,Goatpox_virus,HP3,195,12306988415854559644
9808222017320962476,Great_Island_virus,HP3,196,7055020983933784677
12585739097566773387,Ground_squirrel_hepatitis_virus,HP3,197,17641872472698456080
1697768963126032348,Guama_virus,HP3,198,1724949540715396842
5143113260957795080,Guanarito_virus,HP3,199,16522677568810927764
11151319944303484652,Guaroa_virus,HP3,200,1724949540715396842
16672391397065125456,Guinea_pig_adenovirus,HP3,201,5318253573193370686
2918934456000099771,Guinea_pig_type-C_oncovirus,HP3,202,4958431031298394178
18196732329835239823,H-1_parvovirus,HP3,203,4171969815605109723
13607038437622927684,Hamster_oral_papillomavirus,HP3,204,16226666109831874485
10806455133667256467,Hamster_parvovirus,HP3,205,4171969815605109723
16393091523229493537,Hamster_polyomavirus,HP3,206,18152368349978234457
17222965738287152078,Hantaan_virus,HP3,207,16159011180191366400
207957722134500141,Hare_fibroma_virus,HP3,208,12309965960580043777
2152641817986217089,Hendra_virus,HP3,209,16261505007680940384
3219621407966852173,Hepatitis_A_virus,HP3,210,2874295132626760960
9085450275917459915,Hepatitis_B_virus,HP3,211,17641872472698456080
9002789111042497060,Hepatitis_C_virus,HP3,212,5638649087291880347
7928437285895070161,Hepatitis_delta_virus,HP3,213,7456824727443505015
4683417815542886560,Hepatitis_E_virus,HP3,214,3246416039799963712
8583489353273940801,Highlands_J_virus,HP3,215,10409296354806856476
3988456156188991684,Hippotragine_herpesvirus_1,HP3,216,17240511702601413543
2252359934235296856,Human_adenovirus_A,HP3,217,5318253573193370686
3859419837959618408,Human_adenovirus_B,HP3,218,5318253573193370686
7659065934247250431,Human_adenovirus_C,HP3,219,5318253573193370686
7199588345280658680,Human_adenovirus_D,HP3,220,5318253573193370686
16389545844859681423,Human_adenovirus_E,HP3,221,5318253573193370686
1349396619330867160,Human_adenovirus_F,HP3,222,5318253573193370686
1073400871114256999,Human_astrovirus,HP3,223,16250480143584633165
5927195222344525617,Human_coronavirus_229E,HP3,224,3815317888457908518
2427351315862264346,Human_coronavirus_OC43,HP3,225,3815317888457908518
13084152172117109483,Human_enterovirus_A,HP3,226,3822833937924241919
10712279539916345243,Human_enterovirus_B,HP3,227,3822833937924241919
7805902919242289991,Human_enterovirus_C,HP3,228,3822833937924241919
11458040584544552790,Human_enterovirus_D,HP3,229,3822833937924241919
8927981270219743094,Human_herpesvirus_1,HP3,230,15283020291305211762
3523728012878165240,Human_herpesvirus_2,HP3,231,15283020291305211762
2610670357587120673,Human_herpesvirus_3,HP3,232,12867420305443085121
11154628820525209874,Human_herpesvirus_4,HP3,233,612644582634710544
4010231343158875110,Human_herpesvirus_5,HP3,234,6817972800589535644
1548347480862884232,Human_herpesvirus_6,HP3,235,10928466839463914459
996290115981246568,Human_herpesvirus_7,HP3,236,10928466839463914459
1500604188735249179,Human_herpesvirus_8,HP3,237,17240511702601413543
16444259853922860791,Human_immunodeficiency_virus_1,HP3,238,13388425299037685747
5165905215134175752,Human_immunodeficiency_virus_2,HP3,239,13388425299037685747
15531143652095940623,Human_metapneumovirus,HP3,240,1228381839573396137
7853937415216819617,Human_norovirus-Alphatron,HP3,241,2449502508099333359
10902236756687629620,Human_papillomavirus_1,HP3,242,3873842615026077635
14970229100672788752,Human_papillomavirus_10,HP3,243,10034601905823215152
4452332085514397110,Human_papillomavirus_16,HP3,244,10034601905823215152
2169750145735425665,Human_papillomavirus_18,HP3,245,10034601905823215152
12818853850681570433,Human_papillomavirus_2,HP3,246,10034601905823215152
1898956609314338339,Human_papillomavirus_26,HP3,247,10034601905823215152
18435179071784295396,Human_papillomavirus_32,HP3,248,10034601905823215152
12646199184652998027,Human_papillomavirus_34,HP3,249,10034601905823215152
14124442642397112152,Human_papillomavirus_4,HP3,250,142189959317123801
18131962928366761381,Human_papillomavirus_41,HP3,251,13218570347872835162
8301427078612229453,Human_papillomavirus_48,HP3,252,142189959317123801
7501185295451726284,Human_papillomavirus_49,HP3,253,17457007421040749390
5504606771915931154,Human_papillomavirus_5,HP3,254,17457007421040749390
8360624665054180405,Human_papillomavirus_50,HP3,255,142189959317123801
18336272096625820273,Human_papillomavirus_53,HP3,256,10034601905823215152
1400672775377787371,Human_papillomavirus_54,HP3,257,10034601905823215152
14614773021895209083,Human_papillomavirus_6,HP3,258,10034601905823215152
11447184940019332001,Human_papillomavirus_60,HP3,259,142189959317123801
16643553494518523131,Human_papillomavirus_61,HP3,260,10034601905823215152
9342779668118499399,Human_papillomavirus_63,HP3,261,3873842615026077635
10486040113270996789,Human_papillomavirus_7,HP3,262,10034601905823215152
11175324001622274646,Human_papillomavirus_71,HP3,263,10034601905823215152
11301106433443970721,Human_papillomavirus_88,HP3,264,142189959317123801
15383146001381069710,Human_papillomavirus_9,HP3,265,17457007421040749390
16110163114968306094,Human_papillomavirus_cand90,HP3,266,10034601905823215152
6576599469633189575,Human_papillomavirus_cand92,HP3,267,17457007421040749390
14176516564560278873,Human_papillomavirus_cand96,HP3,268,17457007421040749390
11658546345527263868,Human_parainfluenza_virus_1,HP3,269,13897983374776971474
17756253727939715293,Human_parainfluenza_virus_2,HP3,270,5466944998219118913
8552906671947580910,Human_parainfluenza_virus_3,HP3,271,13897983374776971474
11661407097588429196,Human_parainfluenza_virus_4,HP3,272,5466944998219118913
2380206147886850799,Human_parechovirus,HP3,273,11533278273092539918
6376963243996051205,Human_parvovirus_B19,HP3,274,8604628073591606968
97811060220832774,Human_picobirnavirus,HP3,275,3648241106215772313
9812926474892543607,Human_polyomavirus,HP3,276,18152368349978234457
15052373257037720378,Human_respiratory_syncytial_virus,HP3,277,4769900256555430791
16566998176922784883,Human_rhinovirus_A,HP3,278,2756813428877956040
16966383762888641835,Human_rhinovirus_B,HP3,279,2756813428877956040
12342025584894524639,Human_torovirus,HP3,280,6692564793119851763
7466764124939419703,Ife_virus,HP3,281,7055020983933784677
4900726848050265433,Ilheus_virus,HP3,282,13306825547880724363
17495101039151362850,Influenza_A_virus,HP3,283,14037724407127151612
8515167674366522203,Influenza_B_virus,HP3,284,14694205655756081447
16057416672197978334,Influenza_C_virus,HP3,285,17034439803775707324
4231175029902739203,Ippy_virus,HP3,286,16522677568810927764
11008847719792249092,Irkut_virus,HP3,287,10961155947341168905
4283085832470255028,Isfahan_virus,HP3,288,1372813548941941705
2579590347476705448,Isla_Vista_virus,HP3,289,16159011180191366400
7657714704833284298,Itaporanga_virus,HP3,291,16154559338891578623
13747837841868225707,Jaagsiekte_sheep_retrovirus,HP3,292,8749540215880396631
15868453309451750017,Japanaut_virus,HP3,293,7055020983933784677
6362754644847174070,Japanese_encephalitis_virus,HP3,294,13306825547880724363
17567967206060800523,JC_polyomavirus,HP3,295,18152368349978234457
10013040603654771505,Jugra_virus,HP3,296,13306825547880724363
17848256795722436059,Junin_virus,HP3,297,16522677568810927764
16535591303311280403,Jurona_virus,HP3,298,1372813548941941705
8551516312416315709,Jutiapa_virus,HP3,299,13306825547880724363
1251889054632567605,Kaeng_Khoi_virus,HP3,300,1724949540715396842
14946753786309193499,Kairi_virus,HP3,301,1724949540715396842
6627534416998601151,Khabarovsk_virus,HP3,305,16159011180191366400
1610149827612191243,Khujand_virus,HP3,306,10961155947341168905
12077890133775155158,Kilham_rat_virus,HP3,307,4171969815605109723
3182338463244532285,Kokobera_virus,HP3,308,13306825547880724363
12302071619651703101,Koongol_virus,HP3,309,1724949540715396842
9563728005974625173,Kotonkan_virus,HP3,310,11923724060195535540
12807263672807443641,Koutango_virus,HP3,311,13306825547880724363
6166787535381239832,Kyasanur_Forest_disease_virus,HP3,312,13306825547880724363
9852931172603362162,Lactate_dehydrogenase-elevating_virus,HP3,313,15851945231041212308
16679929969649681799,Lagos_bat_virus,HP3,314,10961155947341168905
2323656111386752465,Laguna_Negra_virus,HP3,315,16159011180191366400
9610613663867565881,Lake_Victoria_marburgvirus,HP3,316,137639200664253722
14827589648528251941,Langur_virus,HP3,317,8749540215880396631
11510759281501556055,Lapine_parvovirus,HP3,318,4171969815605109723
3109366076805431088,Lassa_virus,HP3,319,16522677568810927764
13340440969160477863,Latino_virus,HP3,320,16522677568810927764
2236870951147006486,Lebombo_virus,HP3,321,7055020983933784677
15508378202050544904,Ljungan_virus,HP3,322,11533278273092539918
2435673711027529634,Louping_ill_virus,HP3,323,13306825547880724363
3930713939635889593,Lumpy_skin_disease_virus,HP3,324,12306988415854559644
6352459929476953957,Lymphocytic_choriomeningitis_virus,HP3,325,16522677568810927764
15041395038422426417,Macaque_simian_foamy_virus,HP3,326,7975634567983682849
4647634590766628082,Machupo_virus,HP3,327,16522677568810927764
17039108263455483195,Macropodid_herpesvirus_1,HP3,328,15283020291305211762
16859131606180178358,Macropodid_herpesvirus_2,HP3,329,15283020291305211762
4272913110018496500,Madrid_virus,HP3,330,1724949540715396842
9743723384654218923,Main_Drain_virus,HP3,331,1724949540715396842
4406983810927184620,Mammalian_orthoreovirus,HP3,332,15067776180688612060
3885241986548000455,Manzanilla_virus,HP3,333,1724949540715396842
3336644925815332842,Mapuera_virus,HP3,334,5466944998219118913
17142733305996579990,Maraba_virus,HP3,335,1372813548941941705
14394700841728354293,Marituba_virus,HP3,336,1724949540715396842
5722619392747108039,Marmodid_herpesvirus_1,HP3,337,17240511702601413543
15352136676073251212,Mason-Pfizer_monkey_virus,HP3,338,8749540215880396631
13143228081472242859,Mastomys_natalensis_papillomavirus,HP3,339,10615918013881090574
11081879976877798254,Mayaro_virus,HP3,340,10409296354806856476
6134173261115149921,Measles_virus,HP3,341,11808593188393283746
7051316482629271545,Menangle_virus,HP3,342,5466944998219118913
5359613549154678121,Middelburg_virus,HP3,343,10409296354806856476
8576582588689562769,Minatitlan_virus,HP3,344,1724949540715396842
14105119715574618420,Mink_astrovirus,HP3,345,16250480143584633165
3242728035636877118,Mink_calicivirus,HP3,346,3050164769481128151
13193179285034375605,Mink_enteric_sapovirus,HP3,347,13175572721849414860
5580284903659829898,Minute_virus_of_mice,HP3,348,4171969815605109723
6161814933882574266,Mobala_virus,HP3,349,16522677568810927764
10535541935616310124,Modoc_virus,HP3,350,13306825547880724363
15568990286933769663,Mokola_virus,HP3,351,10961155947341168905
4995391713067371881,Molluscum_contagiosum_virus,HP3,352,12411424945261898855
14161527015457523727,Moloney_murine_sarcoma_virus,HP3,353,4958431031298394178
5722748335394804647,Monkeypox_virus,HP3,354,739285727120266295
13840888481828468,Montana_myotis_leukoencephalitis_virus,HP3,355,13306825547880724363
15988317958497191984,Mopeia_virus,HP3,356,16522677568810927764
15708316531866876065,Mosso_das_Pedras_virus_78V3531,HP3,357,10409296354806856476
8082881090408917859,Mount_Elgon_bat_virus,HP3,358,1372813548941941705
200114334559226344,Mouse_mammary_tumor_virus,HP3,359,8749540215880396631
15113302563157250659,Mouse_parvovirus_1,HP3,360,4171969815605109723
6809555655066347365,Mucambo_virus,HP3,361,10409296354806856476
439184027331610355,Muleshoe_virus,HP3,362,16159011180191366400
10926722216941016187,Mumps_virus,HP3,363,5466944998219118913
6557666130914977967,Murid_herpesvirus_1,HP3,364,2731552949149219473
12720597196260945778,Murid_herpesvirus_2,HP3,365,2731552949149219473
963564968595811053,Murid_herpesvirus_3,HP3,366,4741714894715700911
15167375473923386318,Murid_herpesvirus_4,HP3,367,17240511702601413543
5739944014075663567,Murid_herpesvirus_5,HP3,368,4741714894715700911
16837994470242046135,Murine_adenovirus_A,HP3,369,5318253573193370686
12298486217617649735,Murine_adenovirus_B,HP3,370,5318253573193370686
5283457368250971118,Murine_hepatitis_virus,HP3,371,3815317888457908518
7135650179885047855,Murine_leukemia_virus,HP3,372,4958431031298394178
1602759318781165926,Murine_norovirus_1,HP3,373,2449502508099333359
8869164968030847420,Murine_pneumonia_virus,HP3,374,4769900256555430791
9388274590347629116,Murine_pneumotropic_virus,HP3,375,18152368349978234457
5561501557096512278,Murine_polyomavirus,HP3,376,18152368349978234457
6887772383968874159,Murray_Valley_encephalitis_virus,HP3,377,13306825547880724363
6108543993503228072,Mustelid_herpesvirus_1,HP3,378,17240511702601413543
10076856173815001674,Myxoma_virus,HP3,379,12309965960580043777
2865897789628817679,Ndumu_virus,HP3,381,10409296354806856476
7704384284041389352,Nelson_Bay_orthoreovirus,HP3,382,15067776180688612060
11191378044289150008,New_York_virus,HP3,383,16159011180191366400
17770632473617545327,Newcastle_disease_virus,HP3,384,13002440871101694824
3538174404213083620,Nipah_virus,HP3,385,16261505007680940384
6813435714812327273,Norwalk_virus,HP3,386,2449502508099333359
16505969000392751322,Ntaya_virus,HP3,387,13306825547880724363
18048719591540567049,Nyando_virus,HP3,388,1724949540715396842
3705949578267477461,O'nyong-nyong_virus,HP3,389,10409296354806856476
3795777487002062212,Oliveros_virus,HP3,392,16522677568810927764
12776981735512737153,Omsk_hemorrhagic_fever_virus,HP3,393,13306825547880724363
8318288574576615963,Orf_virus,HP3,394,11647395962367848568
13237986556602551930,Oriboca_virus,HP3,395,1724949540715396842
15942708150294525467,Oropouche_virus,HP3,396,1724949540715396842
2667328760186138585,Orungo_virus,HP3,397,7055020983933784677
734530991808925601,Ovine_adenovirus_A,HP3,398,5318253573193370686
914865789988067463,Ovine_adenovirus_D,HP3,399,12893468214060943781
13737582631272145280,Ovine_astrovirus,HP3,400,16250480143584633165
3242074424600891905,Ovine_herpesvirus_2,HP3,401,17240511702601413543
13588814195892495822,Ovine_papillomavirus_1,HP3,402,4492119138060040470
6635326103906003174,Palyam_virus,HP3,403,7055020983933784677
6301520397692768353,Pampa_virus,HP3,404,16522677568810927764
5015999712149381498,Parainfluenza_virus_5,HP3,405,5466944998219118913
8469129904954194450,Parana_virus,HP3,406,16522677568810927764
11706945386038615068,Parapoxvirus_of_red_deer_in_New_Zealand,HP3,407,11647395962367848568
8171035676655594903,Patois_virus,HP3,408,1724949540715396842
9012956072759753471,Peruvian_horse_sickness_virus,HP3,409,7055020983933784677
17445880609660029025,Peste-des-petits-ruminants_virus,HP3,410,11808593188393283746
11998808693184590407,Phnom_Penh_bat_virus,HP3,411,13306825547880724363
9280452437645369506,Phocid_herpesvirus_1,HP3,412,12867420305443085121
7654741531645455075,Phocine_distemper_virus,HP3,413,11808593188393283746
14079572410627437604,Phocoena_spinipinnis_papillomavirus,HP3,414,2933605346226307032
6940138201005311542,Pichinde_virus,HP3,415,16522677568810927764
7238715470708242463,Pig-tailed_macaque_parvovirus,HP3,416,8604628073591606968
3915623406701491803,Pirital_virus,HP3,417,16522677568810927764
4154553582434281613,Piry_virus,HP3,418,1372813548941941705
1906091343367343176,Pixuna_virus,HP3,419,10409296354806856476
9015671615981275154,Poliovirus,HP3,420,3822833937924241919
8535507959093060480,Pongine_herpesvirus_1,HP3,421,612644582634710544
9225150141986774359,Pongine_herpesvirus_2,HP3,422,612644582634710544
4625319963973653733,Pongine_herpesvirus_3,HP3,423,612644582634710544
15167725331959725494,Pongine_herpesvirus_4,HP3,424,6817972800589535644
18180644061263211771,Porcine_adenovirus_A,HP3,425,5318253573193370686
4304136653930718597,Porcine_adenovirus_B,HP3,426,5318253573193370686
1114655562222755183,Porcine_adenovirus_C,HP3,427,5318253573193370686
9874059538389845826,Porcine_astrovirus,HP3,428,16250480143584633165
4898634358695598059,Porcine_circovirus-1,HP3,429,9342696536485269700
17490475517206619129,Porcine_circovirus-2,HP3,430,9342696536485269700
18113788497553337223,Porcine_enteric_sapovirus,HP3,431,13175572721849414860
1155047642190438474,Porcine_enterovirus_A,HP3,432,3822833937924241919
11181168382048779010,Porcine_enterovirus_B,HP3,433,3822833937924241919
16388488395667633223,Porcine_epidemic_diarrhea_virus,HP3,434,3447664897484211852
4365739578481063325,Porcine_hemagglutinating_encephalomyelitis_virus,HP3,435,3815317888457908518
17890238593117781660,Porcine_parvovirus,HP3,436,4171969815605109723
2014893872342006803,Porcine_reproductive_and_respiratory_syndrome_virus,HP3,437,15851945231041212308
4304189493930402777,Porcine_rubulavirus,HP3,438,5466944998219118913
10766613360148254008,Porcine_teschovirus,HP3,439,15289779969552658564
6330341846619503658,Porcine_torovirus,HP3,440,6692564793119851763
3706759833833330034,Porcine_type-C_oncovirus,HP3,441,4958431031298394178
691845087600285212,Possum_adenovirus,HP3,442,12893468214060943781
2485527110510519818,Powassan_virus,HP3,443,13306825547880724363
10176895856588076514,Primate_T-lymphotropic_virus_1,HP3,444,4463316421517354443
13988722649659554200,Primate_T-lymphotropic_virus_2,HP3,445,4463316421517354443
3358235827043723907,Primate_T-lymphotropic_virus_3,HP3,446,4463316421517354443
16025782721711847114,Prospect_Hill_virus,HP3,447,16159011180191366400
533702749723631956,Pseudocowpox_virus,HP3,448,11647395962367848568
8922616919872286588,Puma_lentivirus,HP3,449,13388425299037685747
4784038037424840682,Punta_Toro_virus,HP3,450,16154559338891578623
7606477980219751351,Puumala_virus,HP3,451,16159011180191366400
838538440633150026,Qalyub_virus,HP3,452,3379834614971174675
2798760613403717172,Rabbit_coronavirus,HP3,454,3815317888457908518
2260761704343849222,Rabbit_fibroma_virus,HP3,455,12309965960580043777
13598783297652641634,Rabbit_hemorrhagic_disease_virus,HP3,456,11356323417636283253
9750806128423226858,Rabbit_kidney_vacuolating_virus,HP3,457,18152368349978234457
1760710280989616396,Rabbit_oral_papillomavirus,HP3,458,8976764036568644696
163839097879216412,Rabies_virus,HP3,459,10961155947341168905
1467932881798777760,Racoonpox_virus,HP3,460,739285727120266295
13179979139164728595,Rat_coronavirus,HP3,461,3815317888457908518
7811703084112887507,Rat_minute_virus_1,HP3,462,4171969815605109723
9256310741909090550,Rat_parvovirus_1,HP3,463,4171969815605109723
536320254238169741,Reston_ebolavirus,HP3,464,6396568215579314399
6122414987606680365,Rhesus_macaque_parvovirus,HP3,465,8604628073591606968
2815380806515867237,Rhesus_monkey_papillomavirus_1,HP3,466,10034601905823215152
10690037770775155769,Rift_Valley_fever_virus,HP3,467,16154559338891578623
13768840976191858605,Rinderpest_virus,HP3,468,11808593188393283746
11161252599263477965,Rio_Bravo_virus,HP3,469,13306825547880724363
834045360527331334,Rio_Mamore_virus,HP3,470,16159011180191366400
16064107437191123867,Rio_Negro_virus,HP3,471,10409296354806856476
986602677632098395,Rio_Segundo_virus,HP3,472,16159011180191366400
6591031608705415744,Ross_River_virus,HP3,473,10409296354806856476
8476547176502974279,Rotavirus_A,HP3,474,10206464300255954428
16471733615688647989,Rotavirus_B,HP3,475,10206464300255954428
3248881032536954978,Rotavirus_C,HP3,476,10206464300255954428
11866796814109394818,Rotavirus_E,HP3,477,10206464300255954428
8310966663969784123,Rubella_virus,HP3,478,12318566027370588670
11522245816044910113,Sabia_virus,HP3,479,16522677568810927764
13104111842787935126,Saboya_virus,HP3,480,13306825547880724363
11471069783617816938,Saimiriine_herpesvirus_1,HP3,481,15283020291305211762
11291706447208209530,Saimiriine_herpesvirus_2,HP3,482,17240511702601413543
3412584639955792791,Sal_Vieja_virus,HP3,483,13306825547880724363
16672524556047034671,Salehabad_virus,HP3,484,16154559338891578623
6878127414779523761,San_Perlita_virus,HP3,486,13306825547880724363
3777451107284182728,Sandfly_fever_Naples_virus,HP3,487,16154559338891578623
9627727984724333018,Sandfly_fever_Sicilian_virus,HP3,488,16154559338891578623
878305415836142376,Sapporo_virus,HP3,489,13175572721849414860
11474971960417636231,Sathuperi_virus,HP3,490,1724949540715396842
6116414545502900738,Sciurid_herpesvirus_1,HP3,491,4741714894715700911
1017009422338094959,Sciurid_herpesvirus_2,HP3,492,4741714894715700911
14828386217540138063,Sealpox_virus,HP3,493,11647395962367848568
9582171658105714045,Semliki_Forest_virus,HP3,494,10409296354806856476
17811097665209793506,Sendai_virus,HP3,495,13897983374776971474
17542536860449591084,Seoul_virus,HP3,496,16159011180191366400
14166978199443076864,Sepik_virus,HP3,497,13306825547880724363
9480814458274278647,Severe_acute_respiratory_syndrome-related_coronavirus,HP3,498,2375197052257959037
8818640597595431363,Shamonda_virus,HP3,499,1724949540715396842
8603677407144515569,Sheeppox_virus,HP3,500,12306988415854559644
10849439303533740672,Shuni_virus,HP3,501,1724949540715396842
3447156832826564142,Simbu_virus,HP3,502,1724949540715396842
12365635618854570734,Simian_adenovirus,HP3,503,5318253573193370686
471399775859409153,Simian_enterovirus_A,HP3,504,3822833937924241919
4523509095839511647,Simian_foamy_virus,HP3,505,7975634567983682849
10960919259224496529,Simian_hemorrhagic_fever_virus,HP3,506,15851945231041212308
14850935913944253210,Simian_immunodeficiency_virus,HP3,507,13388425299037685747
17630457123280317126,Simian_parvovirus,HP3,508,8604628073591606968
4552672895682584392,Simian_virus_10,HP3,509,13897983374776971474
10852906222323439477,Simian_virus_12,HP3,510,18152368349978234457
6937869107835557131,Simian_virus_40,HP3,511,18152368349978234457
4886889873071925188,Simian_virus_5,HP3,512,5466944998219118913
6014821800005942415,Sin_Nombre_virus,HP3,513,16159011180191366400
3612834171162446910,Sindbis_virus,HP3,514,10409296354806856476
3423874213675676238,Southern_elephant_seal_virus,HP3,515,10409296354806856476
15716801099597188630,Squirrel_adenovirus,HP3,516,5318253573193370686
10922450974995141985,Squirrel_fibroma_virus,HP3,517,12309965960580043777
529173045471262945,Squirrel_monkey_retrovirus,HP3,518,8749540215880396631
14914632977084698868,Squirrel_parapoxvirus,HP3,519,11647395962367848568
12389214836194063022,St._Louis_encephalitis_virus,HP3,520,13306825547880724363
14808860823175584760,Sudan_ebolavirus,HP3,521,6396568215579314399
5084578605675439887,Suid_herpesvirus_1,HP3,522,12867420305443085121
14722139034976326080,Swine_norovirus,HP3,523,2449502508099333359
7422710994649780718,Swinepox_virus,HP3,524,14550720875876931190
9555853511397205320,Tacaiuma_virus,HP3,525,1724949540715396842
16460090204348411177,Tacaribe_virus,HP3,526,16522677568810927764
13284537641207722785,Tamana_bat_virus,HP3,527,13306825547880724363
6254279100079445378,Tamiami_virus,HP3,529,16522677568810927764
10669273614901859781,Tanapox_virus,HP3,530,6155780782974963849
7346358842895401150,Taterapox_virus,HP3,532,739285727120266295
16024465366313664572,Tembusu_virus,HP3,533,13306825547880724363
2718662940827870315,Thailand_virus,HP3,534,16159011180191366400
5688293221150328394,Theilovirus,HP3,535,532771265622582438
6357105551447847050,Thiafora_virus,HP3,536,3379834614971174675
14345111875205607854,Thogoto_virus,HP3,537,7174196416357698013
10683381585835043485,Thottapalayam_virus,HP3,538,16159011180191366400
15740475902652848776,Tick-borne_encephalitis_virus,HP3,539,13306825547880724363
1588015620876194681,Tioman_virus,HP3,540,5466944998219118913
17644870424038125825,Tonate_virus,HP3,541,10409296354806856476
15724087941073328530,Topografov_virus,HP3,542,16159011180191366400
16323207775961579059,Torque_Teno_virus,HP3,543,4407633435114512464
14746660083215161637,Transmissible_gastroenteritis_virus,HP3,544,3815317888457908518
9031218527191442984,Tree_shrew_adenovirus,HP3,545,5318253573193370686
17904523902579217001,Tula_virus,HP3,547,16159011180191366400
9262508732016409463,Turlock_virus,HP3,550,1724949540715396842
18411227504570170916,Uganda_S_virus,HP3,551,13306825547880724363
16549202438472958810,Una_virus,HP3,552,10409296354806856476
2638668039203716548,Usutu_virus,HP3,554,13306825547880724363
12120121428750758986,Uukuniemi_virus,HP3,555,16154559338891578623
9356666005269711760,Vaccinia_virus,HP3,556,739285727120266295
7552421649037683092,Variola_virus,HP3,557,739285727120266295
11308437777433584991,Venezuelan_equine_encephalitis_virus,HP3,558,10409296354806856476
7168546388283892588,Vesicular_exanthema_of_swine_virus,HP3,559,3050164769481128151
4065471662846790751,Vesicular_stomatitis_Alagoas_virus,HP3,560,1372813548941941705
9277343162131336606,Vesicular_stomatitis_Indiana_virus,HP3,561,1372813548941941705
9263854268818775228,Vesicular_stomatitis_New_Jersey_virus,HP3,562,1372813548941941705
15682798122649412983,Visna/maedi_virus,HP3,563,13388425299037685747
859619985022429145,Volepox_virus,HP3,564,739285727120266295
2408770164135122181,Wad_Medani_virus,HP3,565,7055020983933784677
15308669651569467899,Wallal_virus,HP3,566,7055020983933784677
6504804844452874169,Warrego_virus,HP3,569,7055020983933784677
149763585663183544,Wesselsbron_virus,HP3,570,13306825547880724363
17450766392270927520,West_Caucasian_bat_virus,HP3,571,10961155947341168905
10718340808441465586,West_Nile_virus,HP3,572,13306825547880724363
6047386012101978409,Western_equine_encephalitis_virus,HP3,573,10409296354806856476
6947694768231117867,Whitewater_Arroyo_virus,HP3,574,16522677568810927764
6435795283296163135,Wongorr_virus,HP3,576,7055020983933784677
13858224553094023364,Woodchuck_hepatitis_virus,HP3,577,17641872472698456080
11545128643118215374,Woolly_monkey_sarcoma_virus,HP3,578,4958431031298394178
1821630194833983487,Wyeomyia_virus,HP3,579,1724949540715396842
17458311746167599366,Yaba_monkey_tumor_virus,HP3,580,6155780782974963849
17126410074084784438,Yellow_fever_virus,HP3,581,13306825547880724363
5759262160776858519,Yokose_virus,HP3,583,13306825547880724363
4056057670262651662,Zaire_ebolavirus,HP3,584,6396568215579314399
6725410824517486524,Zegla_virus,HP3,585,1724949540715396842
4575668065898703396,Zika_virus,HP3,586,13306825547880724363
