id,origin,name,match
8327586123028839777,Anthony,Homo sapiens,7818969158599414049
8709432286658782043,Anthony,Felis catus,13379558674117995900
16261582471446786743,Anthony,Rhinolophus sinicus,17492752780626056344
3409515597885549493,Anthony,Rhinilophus ferrumequinum,12661968354197151172
6039661538651352038,Anthony,Aselliscus stoliczkanus,2259116239416142585
2495219862818541774,Anthony,Canis lupus familiaris (domestic dog),17725050460804723794
5220349840088581938,Anthony,Canis lupus familiaris,17725050460804723794
15988546281735188119,Anthony,Mus musculus; old,4266611939445510489
942333270880952356,Anthony,Mus musculus; young,4266611939445510489
2125136326931105599,Anthony,Chlorocebus aethiops,15047342627518720203
6043770269372178200,Anthony,Mustela vison,847334897701006686
3714861575667754152,Anthony,Homo sapiens; patient #2 with severe acute,11652268155167045279
3143667737421461984,Anthony,Rhinolophus Ferrumequinum,1099109481974468750
7795289196777856362,Anthony,Vicugna pacos,8420952885203453276
15835304073352172041,Anthony,Gallus gallus,3248344960615667135
8234173574657748592,Anthony,Oryctolagus cuniculus,16805230566005421771
2048031239493115509,Anthony,Hydropotes inermis (water deer),2390841092061343795
9210171257853086199,Anthony,Hipposideros abae,8476434251391177161
8079759618810048472,Anthony,Rhinolophus ferrumequinum,5439455756258861471
8775189704360688613,Anthony,Branta canadensis,3982160309879941928
3318768146248049867,Anthony,Delphinapterus leucas (beluga whale),6039317989971761016
5392365772724796509,Anthony,Bos taurus,5549035660701021675
822102527780258227,Anthony,Homo sapiens; sex: F; age: 12Y,7818969158599414049
8430322623889514380,Anthony,Homo sapiens; sex: F; age: 8Y,7818969158599414049
6504688393387868817,Anthony,Homo sapiens; sex: M; age: 4Y,7818969158599414049
15578130733679964012,Anthony,Mus musculus,4266611939445510489
7591936575284604031,Anthony,Neoromicia capensis,711229478414453768
9546044933494993206,Anthony,Rhinolophus affinis,10363859235334865005
16582552662210291760,Anthony,Rhinolophus macrotis,6669800988377555210
12759031662389415809,Anthony,Homo sapiens; bovine,7818969158599414049
11695423825391488184,Anthony,Camelus dromedarius,15746117653815210672
18221233952123446587,Anthony,Myotis lucifugus (little brown bat),16089626169548218295
9051604639937416318,Anthony,Chaerephon plicata,4759228876275005260
16888065617309882984,Anthony,Rhinolophus pusillus,13306073821561743022
10737483513639559948,Anthony,Equus caballus adult,10290730532939929952
1172267503500495713,Anthony,Hipposideros cf. ruber,9818554748130852567
5894253794764097851,Anthony,Myotis lucifugus,16712476393081817661
17933761368470164047,Anthony,Homo sapiens; sex: F; age: 59Y,7818969158599414049
9588430862943974986,Anthony,Homo sapiens; sex: F; age: 7Y,7818969158599414049
7553736603216861614,Anthony,Homo sapiens; sex: M; age: 18Y,7818969158599414049
9653845349113959039,Anthony,Homo sapiens; sex: F; age: 4Y,7818969158599414049
18442756866680798730,Anthony,Homo sapiens; sex: M; age: 5Y,7818969158599414049
3715702799161856396,Anthony,Homo sapiens; sex: M; age: 11Y,7818969158599414049
7083848312650274564,Anthony,Homo sapiens; sex: F; age: 20Y,7818969158599414049
16022065571344687357,Anthony,Homo sapiens; sex: F; age: 29Y,7818969158599414049
15434730249339006803,Anthony,Homo sapiens; sex: F; age: 3Y,7818969158599414049
3126517919588115820,Anthony,Homo sapiens; sex: F; age: 21Y,7818969158599414049
8736192697233536325,Anthony,Homo sapiens; sex: F; age: 15Y,7818969158599414049
16489547036705592719,Anthony,Homo sapiens; sex: M; age: 7Y,7818969158599414049
10002971223319033316,Anthony,Homo sapiens; sex: M; age: 6Y,7818969158599414049
9601117948019613928,Anthony,Homo sapiens; sex: M; age: 20Y,7818969158599414049
13095749925594828282,Anthony,Homo sapiens; sex: M; age: 25Y,7818969158599414049
15613922183577908577,Anthony,Homo sapiens; sex: F; age: 10Y,7818969158599414049
11571258693874697428,Anthony,Homo sapiens; sex: F; age: 11Y,7818969158599414049
10851358870622702405,Anthony,Homo sapiens; sex: M; age: 9Y,7818969158599414049
14218901037510382000,Anthony,Homo sapiens; sex: F; age: 48Y,7818969158599414049
10774541685329269419,Anthony,Homo sapiens; sex: F; age: 27Y,7818969158599414049
2095620416755669518,Anthony,Homo sapiens; sex: F; age: 32Y,7818969158599414049
7296793838529937544,Anthony,Homo sapiens; sex: M; age: 19Y,7818969158599414049
10433080286376865349,Anthony,Homo sapiens; sex: M; age: 34Y,7818969158599414049
10007082003813592458,Anthony,Homo sapiens; sex: F; age: 6Y,7818969158599414049
4122765833888420645,Anthony,Homo sapiens; sex: M; age: 21Y,7818969158599414049
5084926580505803126,Anthony,Homo sapiens; sex: M; age: 43Y,7818969158599414049
2184898510205503950,Anthony,Homo sapiens; sex: M; age: 12Y,7818969158599414049
8598765977952274515,Anthony,Homo sapiens; sex: M; age: 17Y,7818969158599414049
957210657631100873,Anthony,Homo sapiens; sex: F; age: 18Y,7818969158599414049
7582503891737275732,Anthony,Homo sapiens; sex: M; age: 50Y,7818969158599414049
14513837374046558200,Anthony,Homo sapiens; sex: F; age: 43Y,7818969158599414049
15301813724863068312,Anthony,Homo sapiens; sex: M; age: 15Y,7818969158599414049
14097245855669291757,Anthony,Homo sapiens; sex: F; age: 19Y,7818969158599414049
16931891334572065605,Anthony,Homo sapiens; sex: M; age: 8Y,7818969158599414049
8676645605358816808,Anthony,Homo sapiens; sex: F; age: 9Y,7818969158599414049
15083088721093198325,Anthony,Homo sapiens; sex: M; age: 35Y,7818969158599414049
7805753319756596236,Anthony,Homo sapiens; sex: F; age: 13Y,7818969158599414049
5046759568479233068,Anthony,Homo sapiens; F; 2M,7818969158599414049
5138490773896387209,Anthony,Homo sapiens; sex: F,7818969158599414049
13391828111278065305,Anthony,Homo sapiens; sex: M,7818969158599414049
16767783708603228413,Anthony,camelus dromedarius,15746117653815210672
16860224088432642927,Anthony,Pan troglodytes verus,17440566740782689852
399623657768376267,Anthony,Rousettus sp.,17100745315376060696
11315609155927580007,Anthony,Mustela putorius furo (ferret),9995074313292892726
11882602136145592540,Anthony,Homo sapiens; sex:M; age:34Y,7818969158599414049
6189328896249847337,Anthony,Homo sapiens; sex:F; age:15Y,7818969158599414049
2517262345213816870,Anthony,Rattus sp.,3199211079970685396
18393181586478322467,Anthony,Bubalus bubalis,8951531435361065101
5058107691827814138,Anthony,Erinaceus europaeus,6703859117519198477
12707186486579424154,Anthony,Homo sapiens; cell line Vero p2,11652268155167045279
17722979322209290322,Anthony,Hypsugo savii,5248053974575682794
14065549317646015511,Anthony,Hipposideros commersoni,6165898672587627252
16419250651474551118,Anthony,Rhinolophus monoceros,8792812818933892793
11646745117291750071,Anthony,Rhinolophus rex,16032260027356020229
6251802557011423491,Anthony,Suncus murinus,4653870905431571828
6362155336184673453,Anthony,Apodemus chevrieri,13622899350181448591
7563784911908110750,Anthony,Felis catus (cat),13379558674117995900
14452471464778048999,Anthony,Rattus losea,12342951696652227416
7460124757201624326,Anthony,Rattus tanezumi,11845067576836396951
3362932270079673935,Anthony,Rattus norvegicus,14592852639125465333
14232969143855374538,Anthony,Mustela putorius furo,9995074313292892726
9604653456144014025,Anthony,Pipistrellus kuhlii,17350774572658443900
5843985005487468735,Anthony,Niviventer confucianus,11242530923984317619
5366152442917010595,Anthony,Apodemus agrarius,12551348198676197814
2077233061461523883,Anthony,Homo sapiens; age: 2 months; sex: male,11652268155167045279
18208714894276439325,Anthony,Homo sapiens; sex: M; age: 16Y,7818969158599414049
13254058569079253143,Anthony,Myotis davidii,4325861386070894237
12247908785493234991,Anthony,Miniopterus schreibersii,12998951393942008291
3576971327523540280,Anthony,Murina leucogaster,3505477105686511263
9376697934161785174,Anthony,Pipistrellus cf. hesperidus,5823469782688813866
2760334964803852995,Anthony,Miniopterus spp.,10924795049631218265
2045934875677574926,Anthony,Camelus dromedarius (camel),15746117653815210672
3385631514042915864,Anthony,Bovidae,13389115675492613888
5656854757403447099,Anthony,Rousettus aegyptiacus,16806339176318635670
4075727929619867408,Anthony,Scotophilus kuhlii,5433559761267573715
14851172074216309259,Anthony,Pipistrellus coromandra,4291596173867722671
1911898547299452343,Anthony,Macroglossus sp.,3319429674036911428
17198518124458280529,Anthony,Miniopterus magnater,11387206342661517839
16305901849344530331,Anthony,Pipistrellus pipistrellus,16385869814169478650
2624440582623251071,Anthony,Hipposideros pratti,689604083764947345
4200546231330842621,Anthony,Tylonycteris pachypus,766693982060745919
5043576080530378788,Anthony,Miniopterus fuliginosus,13937208345049672659
370603447391897297,Anthony,Eidolon helvum,9336824285797367536
16990571212408367603,Anthony,Hipposideros larvatus,5222000887078553747
10143026774781959228,Anthony,Eonycteris spelaea,10131521512849763521
2417763161836758767,Anthony,Rousettus amplexicaudatus,12024276197478461875
715143464455224262,Anthony,Rousettus leschenaultii,18135344328413053089
16699713279549005331,Anthony,Rousettus leschenaulti,5170349160263064107
15800498591714005078,Anthony,Meleagris gallopavo,661013320252326947
7789695038345771536,Anthony,guinea fowl,1716251904099414967
6807811853894635231,Anthony,Calidris fuscicollis,1103490481464667085
13789817701681595174,Anthony,Calidris alba,15113030114965339855
6983837529706017709,Anthony,Canis mesomelas (silver-backed jackal),6421603240517694626
10470912102074124994,Anthony,Crocuta crocuta (spottted hyena),3661172556009259290
13612881716924591895,Anthony,Chaerephon pumila (bat),13785913086722459744
12273581555835081504,Anthony,Miniopterus inflatus (bat),18265360183782536589
13198214524442163848,Anthony,Miniopterus natalensis (bat),11572282300678673650
5187292728446779080,Anthony,Chaerephon sp. (bat),12462132645354622296
17454138751879384302,Anthony,Rousettus aegyptiacus (bat),16806339176318635670
3132363411985137649,Anthony,Miniopterus schreibersi,13736824699598920509
10882741969263202297,Anthony,Bos taurus; breed: Holstein,5549035660701021675
3094309224424095655,Anthony,Equus caballus healthy foal,10290730532939929952
13309160328707334465,Anthony,Gallus gallus; embryo,3248344960615667135
11085158474929882212,Anthony,Amazona vinacea,11899154706340813466
534870143189065399,Anthony,Coragyps atratus,7089282641162927398
13753233573057408270,Anthony,Megascops choliba,5476216663632003616
4569764669368981000,Anthony,Pitangus sulphuratus,807931367070846826
16500675421967789950,Anthony,Caracara plancus,11556457487155857246
13274440650612399688,Anthony,Rupornis magnirostris,9162651763646970037
11865134658502388677,Anthony,Colaptes campestris,10526027618294591727
8118671108824190992,Anthony,Asio clamator,5461333675724570827
15622513245354111519,Anthony,Pyroderus scutatus,5503843192818269508
8622465764983307048,Anthony,Columba livia,18269456196328007265
150239689082843711,Anthony,Canis familiaris,1326896301360915355
16817870949835278223,Anthony,Homo sapiensc,3784391059436255696
16247593133721863011,Anthony,Mystacina tuberculata,13758184547326246021
13875960713130391639,Anthony,Anas platyrhynchos,2891395421696128734
16221952547634128106,Anthony,Myotis ricketti,5341640368219454889
10352435413035592428,Anthony,Leopardus pardalis,6200157630403767429
10426489044368674926,Anthony,Herpailurus yaguarondi,12924352556203747859
5261766731979644120,Anthony,Cynopterus brachyotis large intestine,18057231692296917860
9626943612341162703,Anthony,Felis catus (cat); breed Scottish Fold; color red,3346929767171783965
7165889108061497213,Anthony,Sus scrofa,14728886377016561170
13755094550049956261,Anthony,Rhinolophus pearsonii,4266178848573463881
9695117714539668093,Anthony,Rhinolophus thomasi,5585006685866111326
6801174893056901148,Anthony,Hipposideros galeritus,1649368159226549367
3491842524772298897,Anthony,Rhinolophus creaghi,18342155005858213890
5960588058661781658,Anthony,Hipposideros diadema,12476965643597223822
4323883162324281078,Anthony,Dyacopterus spadiceus,15887617939267830522
16980203902011616710,Anthony,Cynopterus horsfieldi,4215040851296636706
13402088757505115017,Anthony,Hipposideros bicolor,15833040863903878429
9964476238926801408,Anthony,Cynopterus brachyotis,10749038211910329277
12137665827168713002,Anthony,Manis javanica,15250639160007306475
1672565907704745498,Anthony,Rhinolophus sp. (bat),1099109481974468750
13242475641686454262,Anthony,Lama glama,815376911375943848
15670797869773625851,Anthony,Rhinolophus sp.,1099109481974468750
5000692612667918388,Anthony,Hipposideros caffer,5051060129427717607
6395418131615477837,Anthony,Megaloglossus woermanni,5300200807547941936
11936526601520354385,Anthony,Cynopterus sp.,17594712706008729029
5485561792350885675,Anthony,Hipposideros gigas,12296774842264709306
2615598966312692619,Anthony,Triaenops persicus,9715631007672055389
6224984037071737513,Anthony,Miniopterus inflatus,18265360183782536589
8303776958154448966,Anthony,Hipposideros ruber,9818554748130852567
17609896468355135959,Anthony,Triaenops afer,10705782228161127666
8050124879494466813,Anthony,Sturnira erythromos,13028989608847904425
2648223171961427668,Anthony,Crocidura sp.,2601792650917073507
10781664147181768821,Anthony,Pteropus giganteus,9704584808266430582
5481849703774077862,Anthony,Mastomys,7368830492158568270
13398188973235919398,Anthony,Chiroptera sp.,11098428561282226080
257021308983178874,Anthony,Rhinolophus clivosus,4155144770219546089
16128611836240920119,Anthony,Mus bufo,2771842371120875062
4824479618406854360,Anthony,Hipposideros sp.,7511114111111506151
5995401848568780001,Anthony,Mastomys sp.,7368830492158568270
11728769630625757324,Anthony,Artibeus obscurus,2889132951985600383
16231924857141928080,Anthony,Pteronotus parnellii,10998044242259759254
16944193006021659615,Anthony,Anoura caudifer,12725190250448717761
446124826274806947,Anthony,Sturnira lilium,9308821216583679460
14937906508754206493,Anthony,Artibeus lituratus,9662275854023461454
9475500293416402937,Anthony,Glossophaga soricina,10134780959840997576
3314005653815854194,Anthony,Lichonycteris obscura,5589219451475076311
10421168239333730693,Anthony,Rhinolophus shameli,12312689048508664092
2312482992020642348,Anthony,Nycticebus pygmaeus,2220158263512745070
14470821579216384684,Anthony,Megaerops niphanae,14707127600871482559
12041017179194019379,Anthony,Cynopterus sphinx,3647160288431142907
7184584094533604524,Anthony,Deomys ferrugineus,4805733456327792956
10702689523145096408,Anthony,Chiroptera,11098428561282226080
7823391183986037490,Anthony,Rhinolophus coelophyllus,10991403704138581900
10511051799304606617,Anthony,Hipposideros lekaguli,4581084546863388287
2737940983862217896,Anthony,Mus cervicolor,3794710688964750049
4944693946034842069,Anthony,Myonycteris angolensis,16765504821360977388
12028821702194236719,Anthony,Tadarida sp.,4929725672949977001
14973188275054952167,Anthony,Artibeus planirostris,17909868768214880640
5364832671954034911,Anthony,Crocidura attenuata,17849130732611724337
7163824092469264649,Anthony,Myotis daubentonii,1400475232396741529
346162228156980720,Anthony,Myotis longipes,14976090275906702169
2665257343415602941,Anthony,Nyctalus plancyi,13142215968526824194
13464531312926861990,Anthony,Myotis myotis,11469355889009842595
9481397371807498092,Anthony,Scotophilus dinganii,6692684299249023402
5981777236905348102,Anthony,Mesophylla macconnelli,4589450228391958181
15073312299443461897,Anthony,Pteropus alecto,4640521071981342980
1506660593368442625,Anthony,Scotophilus leucogaster,8903660166236497123
18037810017387584774,Anthony,Mops condylurus,13867674971480903552
11536394845862242723,Anthony,Epomops franqueti,7455466360045649118
9875396494990402685,Anthony,Scotophilus nux,2088821072510763383
4660541014071363824,Anthony,Canis lupus,8720038646123072439
15667209514031809218,Anthony,Mustela putorius (ferret),3863480332969271410
6376854419708139640,Anthony,Bos taurus indicus,10495518708003723265
12675436126947003088,Anthony,Equus caballus,7150537418873496604
13137860729935169380,Anthony,Bubulcus ibis,1250898443039047398
14863495715689694919,Anthony,Corvus splendens (crow),4630247220679758232
14526071739171002034,Anthony,Anas crecca,3445813375293009088
507793893961197272,Anthony,Passer domesticus,14111993148658010449
9074683826435046445,Anthony,Hipposideros armiger,12318709939346741376
2631055082353547208,Anthony,Eptesicus fuscus,2566039345968249518
1933112765025696735,Anthony,Melogale moschata,13375768281494526252
6779480485898694106,Anthony,Rhinolophus euryale,12015329125840172818
474047529654840189,Anthony,Rhinolophus sinicus (bat),17492752780626056344
6276329177484940110,Anthony,Phoca vitulina richardsii (harbor seal),5683972153988966283
17217307045919328071,Anthony,Homo sapiens; female; 32 years,11652268155167045279
7788874482679924695,Anthony,Miniopterus australis,3183353749020042732
1580815312046967046,Anthony,Rhinolophus megaphyllus,11804900395100892632
14624631672050984455,Anthony,Myotis macropus,13338092457140319409
6169052661575544451,Anthony,Rhinonycteris aurantius,17412179268170692039
3743390910539653501,Anthony,Dobsonia moluccensis,12585787240376128317
16566991643261085736,Anthony,Anser fabalis,3705492780442457113
12143672252178592896,Anthony,Anas sp.,10378096283601357754
14455457514925322599,Anthony,Anser sp.,17187604224074629301
3411383138808172597,Anthony,Rhinopoma hardwickii,11588382507590165681
4514062608994323995,Anthony,Taphozous perforatus,14255984599348061884
13788811879398437386,Anthony,Ptenochirus jagori,13390032006769119174
17623157199682149769,Anthony,Sus scrofa domesticus,1991314285762457464
1906718081137653576,Anthony,Pipistrellus nathusii,2584065675556460516
8357956777317834733,Anthony,Pipistrellus pygmaeus,12857359065693372684
8546810163683622635,Anthony,Ardeola bacchus,1564169609025772956
9100616808688614862,Anthony,Dendrocygna javanica,1215741860244864846
5450130717454068832,Anthony,Anas penelope,1917489432692767215
11003133621698809783,Anthony,Anas clypeata,2937383747200766471
7060560210462547880,Anthony,Ardea cinerea,10683028780703639234
8896299490314017435,Anthony,Anas acuta,15787378637402938615
11428610013528608535,Anthony,Phalacrocorax carbo,15362044846594531088
394342125309833980,Anthony,Anas americana,8201333610897467604
10136955181869013434,Anthony,Aythya fuligula,10609507165556919554
7030707713058005863,Anthony,Platalea minor,9013466089170633461
8734354135307191449,Anthony,Columbia livia (Feral pigeon),16517685904648892420
8806824525490235141,Anthony,Anser anser (Graylag goose),17063043757946391775
11259009533025992219,Anthony,Homo sapiens; hospitalized patient,11652268155167045279
3395874121919389864,Anthony,Canis lupus famaliaris,17608472238069273514
14489727338809278205,Anthony,Homo sapiens; male,7818969158599414049
2567783210530342377,Anthony,Homo sapiens; male; age 61,7818969158599414049
2328736475468182118,Anthony,Homo sapiens; female; age 52,7818969158599414049
1406747882935308743,Anthony,Homo sapiens; male; age 41,7818969158599414049
5618505713501003819,Anthony,Homo sapiens; female; age 49,7818969158599414049
14351272628190474043,Anthony,Homo sapiens; male; age 65,7818969158599414049
14544757056621535800,Anthony,Hipposideros pomona,1413253536263900068
3826742562654705029,Anthony,Pipistrellus abramus,10502258262989106389
17142317248316505271,Anthony,Miniopterus pusillus,9707454767671753157
12413743772667240156,Anthony,Anas bahamensis,12827686866417591715
2803228948653907447,Anthony,Anser cygnoides,4726813428963196434
4748452877489930979,Anthony,Erinaceus amurensis,3512759581816561151
10877573026169200993,Anthony,Tadorna tadornoides,4896639451670474175
14364032895243388126,Anthony,Anas gracilis,15936447056976911490
2573271932381524812,Anthony,Calidris acuminata,4351089502186434211
15931643984862674017,Anthony,Cavia_porcellus,5611826058629680230
3990716909950456319,Anthony,Mus_musculus,4266611939445510489
17801657957923948858,Anthony,Tylonycteris robustula,10137754587126459400
5977376679155179748,Anthony,Myotis velifer,12493147169816737882
6009389160595401473,Anthony,Tadarida brasiliensis,6448058682466828712
6021499923386205041,Anthony,Carollia sowelli,15295530116751737929
3748139052103810345,Anthony,Artibeus jamaicensis,8925708141328805839
12196261361656931144,Anthony,Artibeus phaeotis,3864348504133900863
10297744166289262886,Anthony,Carollia perspicillata,15546463462756473567
6154944207178711527,Anthony,Nyctinomops laticaudatus,3678595264836373041
10191715572103464292,Anthony,Lonchorhina aurita,2090727806460270323
12091919039893679287,Anthony,Eptesicus,1192279301398068278
8924775519148786393,Anthony,Arenaria interpres (ruddy turnstone),688205662366678483
5798118617720875310,Anthony,Calidris ruficollis (red-necked stint),9925901120878402268
874137063543694155,Anthony,Tadorna radjah (radjah shelduck),630575974588189565
286755532463232750,Anthony,Egretta picata (pied heron),7146199425876875790
11960536483162993817,Anthony,Anas superciliosa (Pacific black duck),3281692976794553834
11160375622662279356,Anthony,Anas gracilis (grey teal),15689672270564655444
8282023127412468708,Anthony,Calidris ferruginea (curlew sandpiper),18148226570546089899
1670369473916915502,Anthony,Nannopterum brasilianus,4512792576546384457
8209463431509800585,Anthony,Chroicocephalus ridibundus,2382333189934982704
12615560862135266925,Anthony,Larus fuscus,9972414483321018076
13940952826024970193,Anthony,Cygnus cygnus,15266791825678471245
7028095873043933251,Anthony,Larus argentatus,9206137980072470687
10861284364714788166,Anthony,Clangula hyemalis,9971009145921508652
7196492397214295522,Anthony,Columba sp.,14473149311772947386
13471824422079810120,Anthony,Hipposideros vittatus,11542917214894199682
8185146217379718140,Anthony,Bos taurus breed Holstein calf,13413049758680395636
10731595479544239341,Anthony,Bos taurus breed Holstein,13413049758680395636
13739341082136228513,Anthony,Phasianus colchicus,17035019879358153750
5182024842209439653,Anthony,Myotis riparius,7789312109156709609
2820163741323903929,Anthony,Myotis nigricans,159257303190182083
11660403240300413518,Anthony,Molossus rufus,11479980143631911118
16797353573565170763,Anthony,Eumops glaucinus,9309433793162711074
1828598622632264556,Anthony,Bos taurus (cattle),5549035660701021675
10307471817058924429,Anthony,Myotis dasycneme,3875856282904621454
4553910793611811146,Anthony,Myotis daubentoni,15202257867962613139
8117422567377700500,Anthony,Nyctalus noctula,11478728405163546840
10866029827109196482,Anthony,Aythya marila,4520118680799066492
15466771784126869344,Anthony,Pteropus rufus,13468799988700610622
648331488242749180,Anthony,Eidolon dupreanum,3379896974318519173
13092765905620845904,Anthony,Homo sapiens; sex: F; age: 11M,7818969158599414049
1411782559511495374,Anthony,Felis catus; sex: F,13379558674117995900
5622553471701353741,Anthony,Anas poecilorhyncha (spot-billed duck),9773561649756683613
18386660357759798527,Anthony,Anas acuta (pintail),15787378637402938615
14108836303018740998,Anthony,Mareca strepera,13140071473913284639
10710633800908241019,Anthony,Rhinolophus cornutus,10060278741812459976
7165908342226306459,Anthony,Pteronotus davyi,17064341466385961562
3873040237274791714,Anthony,Myotis nattereri,11210812635536295881
11392935925339989421,Anthony,Porphyrio martinica,13787143828774569223
5933151918560238312,Anthony,Penelope superciliaris,2819172543351470056
9202705298402712064,Anthony,Pavo cristatus,10228823398720344921
13573779451609400117,Anthony,Aptenodytes patagonicus,13547364010348112970
1176476196004921462,Anthony,Agamia agami,18161282609721809475
11785060330296252641,Anthony,Scotphilus kuhli large intestine,12595400157982833518
11564604078915088671,Anthony,Anas platyrhynchos (Mallard),2891395421696128734
6461241380605343700,Anthony,Anser anser (graylag goose),17063043757946391775
18391317885188713098,Anthony,Columbia livia (pigeon),3189490997457369820
4912090417049550437,Anthony,Anas platyrhynchos (mallard),2891395421696128734
4342333613174357153,Anthony,Paguma larvata (Himalayan palm civets),11544170334844401832
1193965340156456213,Anthony,Rhinolophus blasii,11071969895777969991
2899989716556123274,Anthony,Rhinolophus ferrumequinum (horseshoe bat),14529395692360872870
12530256998670381219,Anthony,Rattus norvegicus (Norway rat),16072804208128375959
7984670793405122751,Anthony,Hypsugo pulveratus,13584936480866312263
9243584445091687016,Anthony,"Mus musculus, severe combined immunedeficiency",18234192479669559098
3874586017630938905,Anthony,Rattus argentiventer,14024240012241079345
5286262990891078607,Anthony,Sus scrofa (swine),14728886377016561170
8744911522419974581,Anthony,Myotis siligorensis,15212564041108083105
3409644133990726041,Anthony,Pipistrellus cf. hesperidus; specimen voucher:,7536594410340566437
5986075274432041464,Anthony,Galliformes sp. (Quail),8399328686559232720
7851423486574862413,Anthony,Columbidae sp. (Pigeon),7584922974390803985
15396085901369882224,Anthony,Chlamydotis sp. (Houbara),15951350181841027767
8179179088484011903,Anthony,Falco sp.,4332151797481487220
8675992444207263067,Anthony,Nyctalus velutinus,4877320221639571557
11638948624896416233,Anthony,Myotis sp.,1145728765173367001
4684630241811149,Anthony,Sus scrofa scrofa,461904584468835726
2720869838264071141,Anthony,Chaerephon pumilus (bat),12447657583935096647
3775165137636269663,Anthony,Cardioderma cor (bat),16459827266513070267
4983589443093602712,Anthony,Sus_scrofa,14728886377016561170
12484305893773688618,Anthony,Chinchilla lanigera,14918677007302144627
6957960440196568874,Anthony,Sorex araneus,1466629347950840090
6909290689064843575,Anthony,Meriones meridianus,8901392126240018052
111748109329478543,Anthony,Bandicota indica,6255292766506377002
12477676023565286115,Anthony,Niviventer niviventer,8121806907312508886
8314024776842643502,Anthony,Apodemus peninsulae,4898932640203912511
13204818647196393294,Anthony,Myodes rufocanus,16540120519371072062
7563192910396605278,Anthony,Allactaga sibirica,5237736931968892268
6751540456386868529,Anthony,Tropidophorus sinicus,7211615864593887018
16582800790685014430,Anthony,Sus scrofa domesticus L.,13095028822376472376
3907383040816256059,Anthony,Vespertilio superans,5555659681361588510
8567040122908345311,Anthony,Eidolon helvum (bat),9336824285797367536
3063630047878365443,Anthony,Gallus gallus (chicken),3248344960615667135
10605419639969914979,Anthony,Microtus agrestis,2704128519298049695
6879200955007099951,Anthony,Gallus,10588487226750518223
548219053388555283,Anthony,Myodes glareolus,7244386597465352896
377959660126497284,Anthony,Rynchops niger,4057566219123415005
3277658254067863675,Anthony,Ia io,2937205761563215043
3286279164527878634,Anthony,Rhinolophus sp.; female; FMNH 228951,1099109481974468750
8794030658870193811,Anthony,Hipposideros caffer; male; FMNH 228981,5051060129427717607
9355011228537783567,Anthony,Hipposideros caffer; male; FMNH 228925,5051060129427717607
1363563714366446357,Anthony,Hipposideros caffer; female; FMNH 228933,5051060129427717607
8839002060557488574,Anthony,Hipposideros caffer; male; FMNH 229192,5051060129427717607
12784771052316307577,Anthony,Hipposideros caffer; male; FMNH 228924,5051060129427717607
1408410960524736267,Anthony,Nycteris thebaica; female; FMNH 228899,12404210701541484081
13489279868133336582,Anthony,Nycteris thebaica; female; FMNH 228901,12404210701541484081
11891707268861306387,Anthony,Nycteris thebaica; male; FMNH 228900,12404210701541484081
15827080325195260136,Anthony,Miniopterus mossambicus; male; FMNH 228969,233305353682351336
3637985433623924831,Anthony,Miniopterus mossambicus; male; FMNH 228980,233305353682351336
6764561559492446320,Anthony,Triaenops afer; male; FMNH 229243,10705782228161127666
9402120621453039389,Anthony,Hipposideros caffer; male; FMNH 228926,5051060129427717607
15079443273842641189,Anthony,Triaenops menamena; male; FMNH 228861,15851461700037715248
13131371922831117775,Anthony,Triaenops menamena; male; FMNH 228865,15851461700037715248
10299124323740369763,Anthony,Triaenops afer; male; FMNH 228888,10705782228161127666
5959870619311588778,Anthony,Triaenops afer; male; FMNH 229241,10705782228161127666
4397935981404431542,Anthony,Triaenops afer; male; FMNH 228891,10705782228161127666
6137917228281191754,Anthony,Triaenops afer; male; FMNH 229212,10705782228161127666
3744656678344996857,Anthony,Triaenops afer; male; FMNH 229232,10705782228161127666
425919735817154224,Anthony,Triaenops afer; male; FMNH 228887,10705782228161127666
7941447830209468809,Anthony,Triaenops afer; male; FMNH 228892,10705782228161127666
12730866643857879504,Anthony,Miniopterus mossambicus; male; FMNH 228978,233305353682351336
4337124021368022929,Anthony,Miniopterus mossambicus; male; FMNH 228971,233305353682351336
10148355761277585594,Anthony,Rousettus madagascariensis; female; FMNH 228822,4094313175012322407
13507016335031248811,Anthony,Rousettus madagascariensis; female; UADBA 50636,4094313175012322407
17835680691644436114,Anthony,Rousettus madagascariensis; male; FMNH 228832,4094313175012322407
15934324837870511847,Anthony,Rousettus madagascariensis; female; UADBA 50634,4094313175012322407
4291936526582017022,Anthony,Rousettus madagascariensis; female; UADBA 50617,4094313175012322407
4015115046699684933,Anthony,Rhinolophus lobatus; male; FMNH 228941,6072260154080650781
2833160913861838411,Anthony,Rhinolophus rhodesiae; female; FMNH 228949,1099109481974468750
5888285938132301998,Anthony,Rhinolophus rhodesiae; male; FMNH 228952,1099109481974468750
4440897127985637956,Anthony,Rhinolophus rhodesiae; male; FMNH 228953,1099109481974468750
17459252330404687370,Anthony,Rhinolophus lobatus; female; FMNH 228937,6072260154080650781
5323305344091266904,Anthony,Rhinolophus lobatus; male; FMNH 228939,6072260154080650781
8938906706982311450,Anthony,Rhinolophus rhodesiae; female; FMNH 228957,1099109481974468750
4477252396469193044,Anthony,Rhinolophus rhodesiae; male; FMNH 228945,1099109481974468750
8249204383124260522,Anthony,Rhinolophus rhodesiae; male; FMNH 228955,1099109481974468750
2686768307592493215,Anthony,Rhinolophus rhodesiae; female; FMNH 228963,1099109481974468750
6444216023083769691,Anthony,Rhinolophus lobatus; female; FMNH 228954,6072260154080650781
14142352844454289361,Anthony,Rhinolophus lobatus; male; FMNH 228938,6072260154080650781
3223315898197640917,Anthony,Rhinolophus rhodesiae; female; FMNH 228956,1099109481974468750
11256615428084359692,Anthony,Rhinolophus rhodesiae; male; FMNH 228962,1099109481974468750
9482151984844416636,Anthony,Rhinolophus lobatus; female; FMNH 228940,6072260154080650781
3516596375504997922,Anthony,Mormopterus jugularis; male; UADBA 33732,13640625231437753431
10615830300651952342,Anthony,Mormopterus sp. BBvV-2008; female,9209433471656331638
12998640808218576096,Anthony,Mormopterus sp. BBvV-2008; male,9209433471656331638
15257960557237580608,Anthony,Mormopterus jugularis; male; UADBA 33733,13640625231437753431
7578638103345468706,Anthony,Mormopterus jugularis; male; UADBA 33735,13640625231437753431
13098077983529597677,Anthony,Mormopterus jugularis; male; UADBA 33728,13640625231437753431
15305985646957835098,Anthony,Mormopterus jugularis; male; FMNH 222698,13640625231437753431
75899657034678555,Anthony,Mormopterus jugularis; male; FMNH 222691,13640625231437753431
7647508456786322555,Anthony,Mormopterus jugularis; male; UADBA 33726,13640625231437753431
16153955034204613769,Anthony,Mops midas; male; FMNH 218096,5043326377869465761
14499083469584167800,Anthony,Mops midas; male; FMNH 218094,5043326377869465761
1467035591381694391,Anthony,Mops midas; male; UADBA 50262,5043326377869465761
6153396289016767109,Anthony,Mops midas; male; UADBA 50260,5043326377869465761
8239874485403578802,Anthony,Chaerephon pusillus; female,1705211694110987798
2817566044036990762,Anthony,Chaerephon sp.; female,12462132645354622296
6591566397888436541,Anthony,Mops condylurus; female; FMNH 229286,13867674971480903552
5229986410609931501,Anthony,Mops condylurus; female; FMNH 229301,13867674971480903552
17250002865591669541,Anthony,Mops condylurus; male; FMNH 229290,13867674971480903552
14288455846755424212,Anthony,Mops condylurus; female; FMNH 229287,13867674971480903552
5736133936324521348,Anthony,Mops condylurus; female; FMNH 229309,13867674971480903552
7872217486039143359,Anthony,Mops condylurus; male; FMNH 229275,13867674971480903552
14818907692003673506,Anthony,Mops condylurus; female; FMNH 229296,13867674971480903552
16066326875710313238,Anthony,Mops condylurus; male; FMNH 229293,13867674971480903552
18016501875688921167,Anthony,Mops condylurus; female; FMNH 229303,13867674971480903552
8087581749248408536,Anthony,Mops condylurus; male; FMNH 229266,13867674971480903552
10195021305015310299,Anthony,Nycteris thebaica; female; FMNH 228903,12404210701541484081
11000161913294924925,Anthony,Pipistrellus sp.,16042727937008262774
10996196243996316732,Anthony,Myotis horsfieldii,6525397190251826234
6104165895092950697,Anthony,Rhinolophus ferrumequinum (greater horseshoe bat),14529395692360872870
17146589889760713536,Anthony,Pteropus lylei,9326868950983332200
2634383509118864731,Anthony,Plecotus auritus,9977290310100577362
8398618185874819747,Anthony,Myotis oxygnathus,11182293204143641850
17251090507076217604,Anthony,Molossus molossus,9810802998834875655
2797213252840585734,Anthony,Eptesicus serotinus,18043812438006517103
14335016215926889552,Anthony,Vespertilio sinensis,13914320124384468760
3054364796598809164,Anthony,Oryctolagus cuniculus; breed: New Zealand rabbit,16805230566005421771
12063614224143561425,Anthony,Kerivoula titania,94425025069500808
908169500069727465,Anthony,Desmodus rotundus,12715269298465100717
3874190932962857985,Anthony,Amazona virdigenalis (parrot),11709459008082045967
7751005226516907455,Anthony,Eptesicus fuscus (big brown bat),5333037466334369247
8742534665305276998,Anthony,Miniopterus sp. (bat),10924795049631218265
6060521986562489235,Anthony,Rhinolophus landeri (bat),4359652272972492994
11927917680587547619,Anthony,Epomophorus labiatus (bat),11148934049762715996
10108546527592822138,Anthony,Nyctalus leisleri,8420886570335300508
6396994320095656505,Anthony,Rhinolophus mehelyi,8211218641162946958
15864145795159992559,Anthony,Megaderma lyra,5845452049956502291
7289460480083143384,Anthony,Taphozous melanopogon,17250099666822435357
5604332127959821761,Anthony,Scotophilus heathii,15115314797247514266
4684301025436340671,Anthony,Rhinolophus hipposideros,10971839652161309511
11437066009232482916,Anthony,"Miniopterus fuliginosus, feces",13937208345049672659
1758709417818337621,Anthony,"Miniopterus fuliginosus, intestine",13937208345049672659
16515796199048097208,Anthony,Sylvicapra grimmia,12001186304952657425
107994621777335704,Anthony,Myotis petax,16074928839898808468
7035197525533139957,Anthony,Hypsugo alaschanicus,212903888866163126
9517059850941090738,Anthony,Eptesicus sp.,1192279301398068278
5087408780863131819,Anthony,Phyllostomus discolor,13369456036907550570
16964891467936747768,Anthony,Eptesicus japonensis,12221043076588625447
11544494071584272703,Anthony,Myotis ikonnikovi,6807066237895512779
16338390409405321841,Anthony,Myotis macrodactylus,11746675149281882224
8825686969294739678,Anthony,Larus marinus (great black-backed gull),9666358128763634085
13909273074700143458,Anthony,Larus smithsonianus (American herring gull),11893001511909155855
17336982840598283074,Anthony,Hipposideros cf ruber,9818554748130852567
2778923908704789065,Anthony,Micropteropus pusillus,17363296510268711130
18270946806688125530,Anthony,Epomophorus sp.,6560726288607966141
8777420341014526662,Anthony,Chaerephon pumilus,12447657583935096647
17410535179475306693,Anthony,Scotoecus sp.,847799406892465706
4453900769228016467,Anthony,Epomophorus labiatus,11148934049762715996
17406726823969906612,Anthony,Epomophorus gambianus,12091790025018652628
10470355843342188988,Anthony,Pipistrellus inexspectatus,8126867431652232587
1765357892353405691,Anthony,Rattus flavipectus,17313104969047588608
12599360844323351220,Anthony,Rattus nitidus,6419078537237514612
2263743328849390068,Anthony,Apodemus draco,14305921613624771219
16516869502621159163,Anthony,Niviventer eha,10707308426248833056
101954305085256909,Anthony,Lasiopodomys gregalis,7945269442724264907
14222281100871038339,Anthony,Apodemus sylvaticus,4017289767094080241
5150689392383777341,Anthony,Rattus rattus,10375509152681684643
11737704437003455395,Anthony,Myodes rutilus,13856165565294163028
2687274799487253463,Anthony,Mus caroli,14290247110052549309
17600663724651235829,Anthony,Chaerephon sp.,12462132645354622296
13784111437356323416,Anthony,Chaerephon leucogaster,4035816732700976729
10457562392890022254,Anthony,Otomops martiensseni,7515855977989252849
10313294082120311604,Anthony,Miniopterus minor,17677518894939083084
11636327386887071217,Anthony,Eothenomys fidelis,11473221336644775696
2097476353965049007,Anthony,Apodemus ilex,6320737721695850460
3102571471401516218,Anthony,Myotis emarginatus,17395616722773471461
15277000576415636936,Anthony,Myotis fimbriatus,3710062641886940660
18438662770452143324,Anthony,Myotis pequinius,16573994384663331822
6006138395778233792,Anthony,Lepus granatensis,13121412455998197638
13961854425140015681,Anthony,Rattus sikkimensis,12350302511597443810
15214152757683625739,Anthony,Microtus arvalis,14072879585038490506
14968850694786709879,Anthony,Apodemus flavicollis,326933718482303288
12299767017386778374,Anthony,Mus domesticus,18206327553418878991
16356177581389675502,Anthony,Rhabdomys pumilio,16439901677246160063
3140990501945480588,Anthony,Liomys sp.,4626577650200675245
704714171994010758,Anthony,Sigmodon sp.,5853866920947898396
17287575093233233363,Anthony,Culex nebulosus,10240936082942709192
6537834143969782029,Anthony,Miniopterus africanus (bat),7306352268970771567
2717180924097009093,Anthony,Hipposideros commersoni (bat),6165898672587627252
2521126457862086869,Anthony,Scotoecus sp. (bat),847799406892465706
6769125917341346591,Anthony,Otomops martiensseni (bat),7515855977989252849
10246904195033083979,Anthony,Megaerops kusnotoi,9597926398932389503
14869452659521927405,Anthony,Hipposideros cineraceus,8188827253659399798
8487569113148942116,Anthony,Miniopterus fuscus,8750651014518392453
15472481558815384475,Anthony,Bos taurus (cow),5549035660701021675
3785368203612668312,Anthony,Macaca mulatta,13437127210294629208
869350125598426727,Anthony,Myotis bechsteinii,6230285815208115382
17146052149038057007,Anthony,Haematopus ostralegus,13041155656663726459
13363383012575806655,Anthony,Molossus currentium,15354228508042753088
10000720056599545566,Anthony,Carollia brevicauda,8614302811378499687
9097031159055159991,Anthony,Anoura geoffroyi,10470055156091240010
12556977100733846626,Anthony,Nycteris sp.,12019237986032244617
8178998607869145962,Anthony,Gallus gallus; breed Appenzeller Spitzhauben,3248344960615667135
14595889873685851886,Anthony,Gallus domesticus,10588487226750518223
32905640800342147,Anthony,Haematopus ostralegus (Eurasian oystercatcher),7377656723238318387
11184995450245176450,Anthony,Calidris canutus (red knot),16864007074411963621
1641191395969465595,Anthony,Crocuta crocuta,71107785276650845
3567996843999802446,Anthony,Anas superciliosa,16977607460642551218
5103912108438045657,Anthony,Apodemus spp.,5272698449815396774
14240960280906657836,Anthony,Gallus gallus (layer hen),15183668445681741245
2576297937145588935,Anthony,Gallus gallus domesticus,15534490577963655240
6164698966003180942,Anthony,Gallus gallus domesticus (chicken),15534490577963655240
3945026078149158428,Anthony,Gallus gallus (broiler),3248344960615667135
8481535619584646483,Anthony,Cynomops abrasus,5369579527094048479
15801719922911590123,Anthony,Cynomops planirostris,1139920120212520919
12071369709649453425,Anthony,Gallus gallus (broiler chicken),15183668445681741245
13387329213853482428,Anthony,Gallus gallus breed broiler,15183668445681741245
1502056109999452414,Anthony,Gallus gallus breed layer,15183668445681741245
13910049360060351839,Anthony,Gallus gallus broiler,15183668445681741245
4590202104745613902,Anthony,Bos taurus; calf,5549035660701021675
11279359284402456293,Anthony,Bos taurus; cow,5549035660701021675
9440645295386631756,Anthony,Equus caballus; young adult,10290730532939929952
5153619579048871424,Anthony,Perimyotis subflavus,16379836748106473250
2496998415211559198,Anthony,Spheniscus magellanicus,7305285971115969209
9598445593087625730,Anthony,Lama pacos (alpaca),15543822033390899757
5090200462157269470,Anthony,Gallus gallus (6-week-old broilers),15183668445681741245
4513791016494279669,Anthony,Gallus gallus (7-week-old broilers),15183668445681741245
14330582278405339075,Anthony,Gallus gallus (29-day-old broilers),15183668445681741245
5297505127908718118,Anthony,Gallus gallus (44 day-old broilers),15183668445681741245
6145079914508547421,Anthony,Canis mesomelas,5052963234160739269
437568279033104383,Anthony,Ozimops sp. DP-2019,7612441914984857658
15987012513561262154,Anthony,Chalinolobus gouldii,11641885778540138637
3816514536329136457,Anthony,Falsistrellus mackenziei,8422331062221466887
4623758653967730486,Anthony,Eptesicus regulus,9412126858085170605
10658862050745867500,Anthony,Vespadelus baverstocki,10945713984113773737
2461179536147290755,Anthony,Chalinolobus morio,15429366631382641548
9256500312678559654,Anthony,Myotis brandtii,16955235778762220162
6216977734670768986,Anthony,Eptesicus nilssonii,6468228752026549977
17323638297992916189,Anthony,Gallus gallus (6 week-old broilers),15183668445681741245
5282208364399347240,Anthony,Miniopterus cf. natalensis,11572282300678673650
11667798028291629729,Anthony,Neoromicia cf. capensis,711229478414453768
3660727525195189833,Anthony,Mops cf. condylurus,13867674971480903552
14738261553066880168,Anthony,Miniopterus natalensis,11572282300678673650
12643046585275405492,Anthony,Rhinolophus capensis,5554278082651057810
13327140780457520351,Anthony,Neoromicia nanus,17545686493755579223
13190780509655403051,Anthony,Pipistrellus hesperidus,5823469782688813866
435595833541850188,Anthony,Rhinolophus simulator,3545831570559792305
3353847460555538904,Anthony,Artibeus planirostris; adult male,8910086377450224094
17775129706494171860,Anthony,Gallus gallus (domestic chicken),15183668445681741245
5612419473628847200,Anthony,Myotis punicus,15378942150491618529
2419128788899248933,Anthony,Eptesicus isabellinus,4643890258994267935
7443613600274525843,Anthony,Myotis capaccinii,11972615248058089466
8022540838814482960,Anthony,Gallus gallus (48 week-old breeder layers),15183668445681741245
7190139898965505208,Anthony,Coturnix coturnix,13551079482630030730
12640138552320972866,Anthony,Sus scrofa (wild boar),13095028822376472376
15522453821385111998,Anthony,Myotis volans,17897178038567089416
11881080108184169442,Anthony,Gallus gallus (layer),3248344960615667135
12390493848283531455,Anthony,Rhinolophus stheno,5038984312940329993
6947895894828967221,Anthony,Ara ararauna,5135680995440254939
11683316170232298491,Anthony,Myotis blythii,2367277731110446458
9586929975326629738,Anthony,Nyctalus lasiopterus,9291835923470666230
7837491947777538420,Anthony,Gallus gallus (layer breeder),15183668445681741245
7182358020088475733,Anthony,Gallus gallus (broiler breeder),15183668445681741245
4469075538818838242,Anthony,Cygnus cygnus (whooper swan),2382517320897972267
11033746143106566195,Anthony,Coturnix japonica,11372570530819423979
16019489251142724921,Anthony,Morelia viridis,15173507821945249253
7754394762870126599,Anthony,Euprepiophis mandarinus,7705227053526586007
16775920387157697268,Anthony,Myuchelys georgesi (Bellinger River snapping,11621428146383652842
3033864203226163052,Anthony,Capra hircus,5248881743950064660
2306763474828276639,Anthony,Equus caballus (horse),7150537418873496604
16793736182364511595,Anthony,Blicca bjoerkna L.,12933722055206313514
15579323510488985268,Anthony,Brotogeris tirica,6985525527006506474
339549092757805559,Anthony,Mops midas,5043326377869465761
2541567535928517978,Anthony,Neoromicia sp.,15850946186914712037
17787472267687221265,Anthony,Miniopterus sp.,10924795049631218265
