id,type,name,origin,row,match
2635869338831441421,host,Homo sapiens,Anthony,1,7818969158599414049
13639206402503799384,host,Felis catus,Anthony,2,13379558674117995900
1505248077238302184,host,Rhinolophus sinicus,Anthony,3,17492752780626056344
12181211286833289006,host,Rhinilophus ferrumequinum,Anthony,5,12661968354197151172
8854790733557009084,host,Aselliscus stoliczkanus,Anthony,6,2259116239416142585
1298078148368611148,host,Canis lupus familiaris (domestic dog),Anthony,7,17725050460804723794
1793713268492589363,host,Canis lupus familiaris,Anthony,8,17725050460804723794
15623282237558583671,host,Mus musculus; old,Anthony,9,4266611939445510489
10202929733045373682,host,Mus musculus; young,Anthony,10,4266611939445510489
10933910252677030324,host,Chlorocebus aethiops,Anthony,13,15047342627518720203
17842210480956225395,host,Mustela vison,Anthony,14,847334897701006686
8070205145500799471,host,Homo sapiens; patient #2 with severe acute,Anthony,15,11652268155167045279
8082503403136550241,host,Rhinolophus Ferrumequinum,Anthony,16,1099109481974468750
2684033785842308818,host,Vicugna pacos,Anthony,17,8420952885203453276
6972323376235922522,host,Gallus gallus,Anthony,19,3248344960615667135
8702863715599380397,host,Oryctolagus cuniculus,Anthony,20,16805230566005421771
8268352735802177763,host,Hydropotes inermis (water deer),Anthony,21,2390841092061343795
5343590439192172553,host,Hipposideros abae,Anthony,22,8476434251391177161
18325606032972049838,host,Rhinolophus ferrumequinum,Anthony,24,5439455756258861471
13559478834485399585,host,Branta canadensis,Anthony,26,3982160309879941928
9210082220463746637,host,Delphinapterus leucas (beluga whale),Anthony,27,6039317989971761016
12926912297059400065,host,Bos taurus,Anthony,29,5549035660701021675
16057779277534679546,host,Homo sapiens; sex: F; age: 12Y,Anthony,32,7818969158599414049
13894206554833000333,host,Homo sapiens; sex: F; age: 8Y,Anthony,33,7818969158599414049
9926216721942973396,host,Homo sapiens; sex: M; age: 4Y,Anthony,34,7818969158599414049
6434666313315675256,host,Mus musculus,Anthony,35,4266611939445510489
6438215839764959592,host,Neoromicia capensis,Anthony,36,711229478414453768
3157598148649688224,host,Rhinolophus affinis,Anthony,37,10363859235334865005
10236580002053900081,host,Rhinolophus macrotis,Anthony,39,6669800988377555210
6469471790811643889,host,Homo sapiens; bovine,Anthony,40,7818969158599414049
14968302876955438363,host,Camelus dromedarius,Anthony,44,15746117653815210672
14356947261945742809,host,Myotis lucifugus (little brown bat),Anthony,46,16089626169548218295
1011091551559028535,host,Chaerephon plicata,Anthony,48,4759228876275005260
11008169038692027260,host,Rhinolophus pusillus,Anthony,49,13306073821561743022
6136387568749945053,host,Equus caballus adult,Anthony,50,10290730532939929952
17959867673951881665,host,Hipposideros cf. ruber,Anthony,53,9818554748130852567
13899299622769571485,host,Myotis lucifugus,Anthony,55,16712476393081817661
845126635875384474,host,Homo sapiens; sex: F; age: 59Y,Anthony,59,7818969158599414049
11315704394367504204,host,Homo sapiens; sex: F; age: 7Y,Anthony,60,7818969158599414049
14646195433990489302,host,Homo sapiens; sex: M; age: 18Y,Anthony,61,7818969158599414049
845836266995581316,host,Homo sapiens; sex: F; age: 4Y,Anthony,62,7818969158599414049
5348275318973369916,host,Homo sapiens; sex: M; age: 5Y,Anthony,63,7818969158599414049
17550342549378591056,host,Homo sapiens; sex: M; age: 11Y,Anthony,64,7818969158599414049
2643825325672613119,host,Homo sapiens; sex: F; age: 20Y,Anthony,65,7818969158599414049
3721857218152303111,host,Homo sapiens; sex: F; age: 29Y,Anthony,66,7818969158599414049
14617782162330597732,host,Homo sapiens; sex: F; age: 3Y,Anthony,67,7818969158599414049
5071114029271827166,host,Homo sapiens; sex: F; age: 21Y,Anthony,68,7818969158599414049
10416170805136327179,host,Homo sapiens; sex: F; age: 15Y,Anthony,69,7818969158599414049
12997120912456786529,host,Homo sapiens; sex: M; age: 7Y,Anthony,70,7818969158599414049
5251702478386390283,host,Homo sapiens; sex: M; age: 6Y,Anthony,71,7818969158599414049
14196589661401363411,host,Homo sapiens; sex: M; age: 20Y,Anthony,72,7818969158599414049
877982594781557977,host,Homo sapiens; sex: M; age: 25Y,Anthony,73,7818969158599414049
7845645824412884192,host,Homo sapiens; sex: F; age: 10Y,Anthony,74,7818969158599414049
15580238501336596004,host,Homo sapiens; sex: F; age: 11Y,Anthony,75,7818969158599414049
13337073205741635285,host,Homo sapiens; sex: M; age: 9Y,Anthony,76,7818969158599414049
16705527312009825074,host,Homo sapiens; sex: F; age: 48Y,Anthony,77,7818969158599414049
4971550826209950394,host,Homo sapiens; sex: F; age: 27Y,Anthony,78,7818969158599414049
3893334375761857853,host,Homo sapiens; sex: F; age: 32Y,Anthony,79,7818969158599414049
1469337946612743913,host,Homo sapiens; sex: M; age: 19Y,Anthony,80,7818969158599414049
3028134016890589905,host,Homo sapiens; sex: M; age: 34Y,Anthony,81,7818969158599414049
3191338813950636434,host,Homo sapiens; sex: F; age: 6Y,Anthony,82,7818969158599414049
11218718649713313765,host,Homo sapiens; sex: M; age: 21Y,Anthony,83,7818969158599414049
13006908520357851808,host,Homo sapiens; sex: M; age: 43Y,Anthony,84,7818969158599414049
10770969866432718936,host,Homo sapiens; sex: M; age: 12Y,Anthony,85,7818969158599414049
8547360539326945205,host,Homo sapiens; sex: M; age: 17Y,Anthony,86,7818969158599414049
9840858469764518399,host,Homo sapiens; sex: F; age: 18Y,Anthony,87,7818969158599414049
5659808500507630474,host,Homo sapiens; sex: M; age: 50Y,Anthony,88,7818969158599414049
4423446818606895992,host,Homo sapiens; sex: F; age: 43Y,Anthony,89,7818969158599414049
16720634274097112031,host,Homo sapiens; sex: M; age: 15Y,Anthony,90,7818969158599414049
14013046899759855812,host,Homo sapiens; sex: F; age: 19Y,Anthony,91,7818969158599414049
1704891920431923987,host,Homo sapiens; sex: M; age: 8Y,Anthony,92,7818969158599414049
17504415615266332187,host,Homo sapiens; sex: F; age: 9Y,Anthony,93,7818969158599414049
8398939762493499697,host,Homo sapiens; sex: M; age: 35Y,Anthony,94,7818969158599414049
5358631333850251776,host,Homo sapiens; sex: F; age: 13Y,Anthony,95,7818969158599414049
5933785737905645860,host,Homo sapiens; F; 2M,Anthony,96,7818969158599414049
9923198438255740100,host,Homo sapiens; sex: F,Anthony,97,7818969158599414049
11469825854095056726,host,Homo sapiens; sex: M,Anthony,98,7818969158599414049
1530750343383459177,host,camelus dromedarius,Anthony,99,15746117653815210672
8657019796200375372,host,Pan troglodytes verus,Anthony,100,17440566740782689852
5284904883807189752,host,Rousettus sp.,Anthony,101,17100745315376060696
3890156586269937245,host,Mustela putorius furo (ferret),Anthony,104,9995074313292892726
13271281441998349148,host,Homo sapiens; sex:M; age:34Y,Anthony,105,7818969158599414049
8020007955501879908,host,Homo sapiens; sex:F; age:15Y,Anthony,106,7818969158599414049
14032612433384195185,host,Rattus sp.,Anthony,107,3199211079970685396
3028563813589083140,host,Bubalus bubalis,Anthony,109,8951531435361065101
17824547934493727999,host,Erinaceus europaeus,Anthony,110,6703859117519198477
16410103446386655413,host,Homo sapiens; cell line Vero p2,Anthony,111,11652268155167045279
17974509315673739925,host,Hypsugo savii,Anthony,112,5248053974575682794
14633177587789055786,host,Hipposideros commersoni,Anthony,113,6165898672587627252
8506526281777741448,host,Rhinolophus monoceros,Anthony,116,8792812818933892793
10785787211167741447,host,Rhinolophus rex,Anthony,117,16032260027356020229
4222002960753585695,host,Suncus murinus,Anthony,118,4653870905431571828
9528895486040994276,host,Apodemus chevrieri,Anthony,119,13622899350181448591
14902166906282222692,host,Felis catus (cat),Anthony,120,13379558674117995900
18243429815737696130,host,Rattus losea,Anthony,121,12342951696652227416
5750188357667769058,host,Rattus tanezumi,Anthony,122,11845067576836396951
18282453269851633294,host,Rattus norvegicus,Anthony,123,14592852639125465333
162850434015380820,host,Mustela putorius furo,Anthony,124,9995074313292892726
5615054484621256729,host,Pipistrellus kuhlii,Anthony,125,17350774572658443900
14763534640374290560,host,Niviventer confucianus,Anthony,126,11242530923984317619
7627997279284993961,host,Apodemus agrarius,Anthony,127,12551348198676197814
8425094504517081491,host,Homo sapiens; age: 2 months; sex: male,Anthony,128,11652268155167045279
12089517675727868971,host,Homo sapiens; sex: M; age: 16Y,Anthony,129,7818969158599414049
9488602888256172695,host,Myotis davidii,Anthony,131,4325861386070894237
5984030016099064547,host,Miniopterus schreibersii,Anthony,132,12998951393942008291
16907415233005914308,host,Murina leucogaster,Anthony,133,3505477105686511263
8963605301227960882,host,Pipistrellus cf. hesperidus,Anthony,134,5823469782688813866
4269478295137454432,host,Miniopterus spp.,Anthony,135,10924795049631218265
15829883747550710306,host,Camelus dromedarius (camel),Anthony,136,15746117653815210672
3696052039820017057,host,Bovidae,Anthony,138,13389115675492613888
11196721355078811633,host,Rousettus aegyptiacus,Anthony,141,16806339176318635670
14228882472951319400,host,Scotophilus kuhlii,Anthony,142,5433559761267573715
17563895564273777099,host,Pipistrellus coromandra,Anthony,143,4291596173867722671
4751700102873563294,host,Macroglossus sp.,Anthony,144,3319429674036911428
6986093007171303716,host,Miniopterus magnater,Anthony,145,11387206342661517839
6063085758985439601,host,Pipistrellus pipistrellus,Anthony,146,16385869814169478650
13160308148002005889,host,Hipposideros pratti,Anthony,147,689604083764947345
5903915924880921333,host,Tylonycteris pachypus,Anthony,148,766693982060745919
9355156736845511854,host,Miniopterus fuliginosus,Anthony,149,13937208345049672659
16307818773816881947,host,Eidolon helvum,Anthony,150,9336824285797367536
15008721383760610507,host,Hipposideros larvatus,Anthony,151,5222000887078553747
13304029876086087303,host,Eonycteris spelaea,Anthony,152,10131521512849763521
4968241152107785354,host,Rousettus amplexicaudatus,Anthony,153,12024276197478461875
17527960101712630037,host,Rousettus leschenaultii,Anthony,154,18135344328413053089
17367420950020009023,host,Rousettus leschenaulti,Anthony,155,5170349160263064107
2524569197189317844,host,Meleagris gallopavo,Anthony,157,661013320252326947
13523815484306802241,host,guinea fowl,Anthony,161,1716251904099414967
12261788603918427898,host,Calidris fuscicollis,Anthony,163,1103490481464667085
8615904585531045547,host,Calidris alba,Anthony,164,15113030114965339855
756882904314623938,host,Canis mesomelas (silver-backed jackal),Anthony,169,6421603240517694626
16447931762116285920,host,Crocuta crocuta (spottted hyena),Anthony,170,3661172556009259290
13207975363784174612,host,Chaerephon pumila (bat),Anthony,174,13785913086722459744
11466583605687888306,host,Miniopterus inflatus (bat),Anthony,175,18265360183782536589
14546254936990190928,host,Miniopterus natalensis (bat),Anthony,176,11572282300678673650
7211827898157215400,host,Chaerephon sp. (bat),Anthony,177,12462132645354622296
16115331533885815312,host,Rousettus aegyptiacus (bat),Anthony,178,16806339176318635670
1753598268678669336,host,Miniopterus schreibersi,Anthony,179,13736824699598920509
12843275214686885513,host,Bos taurus; breed: Holstein,Anthony,181,5549035660701021675
7558563678189607739,host,Equus caballus healthy foal,Anthony,182,10290730532939929952
12927012154633033198,host,Gallus gallus; embryo,Anthony,183,3248344960615667135
150047906165844356,host,Amazona vinacea,Anthony,184,11899154706340813466
12450641310182186269,host,Coragyps atratus,Anthony,185,7089282641162927398
17245529524886010511,host,Megascops choliba,Anthony,186,5476216663632003616
12294374738631377153,host,Pitangus sulphuratus,Anthony,187,807931367070846826
8132707724110566788,host,Caracara plancus,Anthony,188,11556457487155857246
8242050412368067729,host,Rupornis magnirostris,Anthony,189,9162651763646970037
16245176655114082668,host,Colaptes campestris,Anthony,190,10526027618294591727
927327262684025056,host,Asio clamator,Anthony,191,5461333675724570827
6897683177600202790,host,Pyroderus scutatus,Anthony,192,5503843192818269508
8442165656782037180,host,Columba livia,Anthony,193,18269456196328007265
6854921446198062626,host,Canis familiaris,Anthony,194,1326896301360915355
7493633094393966327,host,Homo sapiensc,Anthony,195,3784391059436255696
14676096939062949316,host,Mystacina tuberculata,Anthony,198,13758184547326246021
12980594422701973722,host,Anas platyrhynchos,Anthony,199,2891395421696128734
15802598249724733881,host,Myotis ricketti,Anthony,200,5341640368219454889
1990826729583359200,host,Leopardus pardalis,Anthony,201,6200157630403767429
14453536936534389297,host,Herpailurus yaguarondi,Anthony,202,12924352556203747859
13494879428357080173,host,Cynopterus brachyotis large intestine,Anthony,204,18057231692296917860
3880434075538827875,host,Felis catus (cat); breed Scottish Fold; color red,Anthony,205,3346929767171783965
4072508275706178452,host,Sus scrofa,Anthony,206,14728886377016561170
10088812548605395577,host,Rhinolophus pearsonii,Anthony,207,4266178848573463881
10493864551884050120,host,Rhinolophus thomasi,Anthony,208,5585006685866111326
16535822516063790067,host,Hipposideros galeritus,Anthony,209,1649368159226549367
4421774920740534963,host,Rhinolophus creaghi,Anthony,210,18342155005858213890
8245281464895263321,host,Hipposideros diadema,Anthony,211,12476965643597223822
7769807395703499755,host,Dyacopterus spadiceus,Anthony,212,15887617939267830522
5143716323725024744,host,Cynopterus horsfieldi,Anthony,213,4215040851296636706
7778073886710774127,host,Hipposideros bicolor,Anthony,214,15833040863903878429
6229005624716493088,host,Cynopterus brachyotis,Anthony,215,10749038211910329277
15746318499307608612,host,Manis javanica,Anthony,216,15250639160007306475
5569222340101531400,host,Rhinolophus sp. (bat),Anthony,217,1099109481974468750
3034654301667597809,host,Lama glama,Anthony,218,815376911375943848
225728259265548209,host,Rhinolophus sp.,Anthony,221,1099109481974468750
6217134538817574780,host,Hipposideros caffer,Anthony,222,5051060129427717607
3232671200202253927,host,Megaloglossus woermanni,Anthony,223,5300200807547941936
16510469540891725222,host,Cynopterus sp.,Anthony,224,17594712706008729029
12191916778980389961,host,Hipposideros gigas,Anthony,225,12296774842264709306
39177465415548634,host,Triaenops persicus,Anthony,226,9715631007672055389
2380330755396821992,host,Miniopterus inflatus,Anthony,227,18265360183782536589
10560274979820059354,host,Hipposideros ruber,Anthony,228,9818554748130852567
1390390144993531609,host,Triaenops afer,Anthony,229,10705782228161127666
7630412735917475680,host,Sturnira erythromos,Anthony,230,13028989608847904425
11914880022169349096,host,Crocidura sp.,Anthony,231,2601792650917073507
8445931396881208602,host,Pteropus giganteus,Anthony,232,9704584808266430582
6823132312124942167,host,Mastomys,Anthony,233,7368830492158568270
4627349028245994386,host,Chiroptera sp.,Anthony,234,11098428561282226080
16230308801267911257,host,Rhinolophus clivosus,Anthony,235,4155144770219546089
15182635667107663909,host,Mus bufo,Anthony,236,2771842371120875062
8506688825630273781,host,Hipposideros sp.,Anthony,237,7511114111111506151
16905302789931771963,host,Mastomys sp.,Anthony,238,7368830492158568270
3904133156635653259,host,Artibeus obscurus,Anthony,239,2889132951985600383
16884258974820503026,host,Pteronotus parnellii,Anthony,240,10998044242259759254
10592542494054289240,host,Anoura caudifer,Anthony,242,12725190250448717761
1126083277672125490,host,Sturnira lilium,Anthony,243,9308821216583679460
1841546374549418615,host,Artibeus lituratus,Anthony,244,9662275854023461454
5980587801584850058,host,Glossophaga soricina,Anthony,245,10134780959840997576
629997796372633128,host,Lichonycteris obscura,Anthony,246,5589219451475076311
9939840721546533851,host,Rhinolophus shameli,Anthony,247,12312689048508664092
16704353481683184555,host,Nycticebus pygmaeus,Anthony,248,2220158263512745070
545019796774396051,host,Megaerops niphanae,Anthony,249,14707127600871482559
6731978336129712539,host,Cynopterus sphinx,Anthony,250,3647160288431142907
15528162901553175591,host,Deomys ferrugineus,Anthony,251,4805733456327792956
11213257293264267935,host,Chiroptera,Anthony,252,11098428561282226080
6303827831683661714,host,Rhinolophus coelophyllus,Anthony,253,10991403704138581900
9435934066420263515,host,Hipposideros lekaguli,Anthony,254,4581084546863388287
13863872138215288994,host,Mus cervicolor,Anthony,255,3794710688964750049
14491757676635855583,host,Myonycteris angolensis,Anthony,257,16765504821360977388
9863226864743132965,host,Tadarida sp.,Anthony,258,4929725672949977001
5660525182861167892,host,Artibeus planirostris,Anthony,259,17909868768214880640
6041106980454674813,host,Crocidura attenuata,Anthony,260,17849130732611724337
16210016521459582160,host,Myotis daubentonii,Anthony,261,1400475232396741529
4758011978498131782,host,Myotis longipes,Anthony,262,14976090275906702169
1723377508579675255,host,Nyctalus plancyi,Anthony,263,13142215968526824194
15071887550101083791,host,Myotis myotis,Anthony,264,11469355889009842595
15991863422129838910,host,Scotophilus dinganii,Anthony,265,6692684299249023402
17301275823758214846,host,Mesophylla macconnelli,Anthony,266,4589450228391958181
8106125389663224720,host,Pteropus alecto,Anthony,267,4640521071981342980
10413923968737281727,host,Scotophilus leucogaster,Anthony,268,8903660166236497123
9014626052030607322,host,Mops condylurus,Anthony,269,13867674971480903552
14643758676402543878,host,Epomops franqueti,Anthony,270,7455466360045649118
12568240278288688987,host,Scotophilus nux,Anthony,271,2088821072510763383
17674608401427439510,host,Canis lupus,Anthony,274,8720038646123072439
9242504852852029236,host,Mustela putorius (ferret),Anthony,276,3863480332969271410
16557640095264231127,host,Bos taurus indicus,Anthony,277,10495518708003723265
17176467277838733016,host,Equus caballus,Anthony,282,7150537418873496604
208694566565584888,host,Bubulcus ibis,Anthony,283,1250898443039047398
3762410158013305111,host,Corvus splendens (crow),Anthony,284,4630247220679758232
17627499633398429846,host,Anas crecca,Anthony,285,3445813375293009088
5123396101575269532,host,Passer domesticus,Anthony,286,14111993148658010449
5702600282623728120,host,Hipposideros armiger,Anthony,287,12318709939346741376
13016818069672597751,host,Eptesicus fuscus,Anthony,288,2566039345968249518
3193116206237583273,host,Melogale moschata,Anthony,289,13375768281494526252
3774023861482416760,host,Rhinolophus euryale,Anthony,291,12015329125840172818
16007965652603033093,host,Rhinolophus sinicus (bat),Anthony,292,17492752780626056344
11829523464596609800,host,Phoca vitulina richardsii (harbor seal),Anthony,293,5683972153988966283
15870754860690515384,host,Homo sapiens; female; 32 years,Anthony,296,11652268155167045279
15615521782636254383,host,Miniopterus australis,Anthony,297,3183353749020042732
5871027425903281782,host,Rhinolophus megaphyllus,Anthony,298,11804900395100892632
15198046835863694637,host,Myotis macropus,Anthony,299,13338092457140319409
14065026941077742116,host,Rhinonycteris aurantius,Anthony,300,17412179268170692039
12527341390939589189,host,Dobsonia moluccensis,Anthony,303,12585787240376128317
11176243556161667412,host,Anser fabalis,Anthony,304,3705492780442457113
4846138369583127522,host,Anas sp.,Anthony,305,10378096283601357754
12014157730436866188,host,Anser sp.,Anthony,306,17187604224074629301
12217123608065251671,host,Rhinopoma hardwickii,Anthony,307,11588382507590165681
17254954034386026078,host,Taphozous perforatus,Anthony,308,14255984599348061884
16740952264348925858,host,Ptenochirus jagori,Anthony,309,13390032006769119174
16103190805448752007,host,Sus scrofa domesticus,Anthony,310,1991314285762457464
2223141903613013510,host,Pipistrellus nathusii,Anthony,311,2584065675556460516
1677338006196176574,host,Pipistrellus pygmaeus,Anthony,312,12857359065693372684
3017131359436231995,host,Ardeola bacchus,Anthony,313,1564169609025772956
8151012915431838660,host,Dendrocygna javanica,Anthony,314,1215741860244864846
6722386522095784994,host,Anas penelope,Anthony,315,1917489432692767215
8470094849795647992,host,Anas clypeata,Anthony,316,2937383747200766471
5762492010621821371,host,Ardea cinerea,Anthony,317,10683028780703639234
11697510419849842950,host,Anas acuta,Anthony,318,15787378637402938615
9117753619451474984,host,Phalacrocorax carbo,Anthony,319,15362044846594531088
4818323027420832672,host,Anas americana,Anthony,320,8201333610897467604
5580903987121302402,host,Aythya fuligula,Anthony,321,10609507165556919554
11422614721247639813,host,Platalea minor,Anthony,322,9013466089170633461
4734746834349208880,host,Columbia livia (Feral pigeon),Anthony,328,16517685904648892420
6906071875772106536,host,Anser anser (Graylag goose),Anthony,329,17063043757946391775
9401295879280185351,host,Homo sapiens; hospitalized patient,Anthony,331,11652268155167045279
11350832086208644754,host,Canis lupus famaliaris,Anthony,332,17608472238069273514
15252392914233923076,host,Homo sapiens; male,Anthony,333,7818969158599414049
8469514022602975080,host,Homo sapiens; male; age 61,Anthony,334,7818969158599414049
11847590268163515533,host,Homo sapiens; female; age 52,Anthony,335,7818969158599414049
15898675043082094381,host,Homo sapiens; male; age 41,Anthony,336,7818969158599414049
17662378262059784576,host,Homo sapiens; female; age 49,Anthony,337,7818969158599414049
3418273519659870119,host,Homo sapiens; male; age 65,Anthony,338,7818969158599414049
11210772233086836725,host,Hipposideros pomona,Anthony,340,1413253536263900068
8194022621593399099,host,Pipistrellus abramus,Anthony,341,10502258262989106389
5968687347586321755,host,Miniopterus pusillus,Anthony,342,9707454767671753157
14135400277379860067,host,Anas bahamensis,Anthony,343,12827686866417591715
1707617354524778617,host,Anser cygnoides,Anthony,344,4726813428963196434
6817827156817527873,host,Erinaceus amurensis,Anthony,345,3512759581816561151
8568341208820973725,host,Tadorna tadornoides,Anthony,365,4896639451670474175
10440635225165466362,host,Anas gracilis,Anthony,366,15936447056976911490
17491634318474696902,host,Calidris acuminata,Anthony,367,4351089502186434211
1385799147903606910,host,Cavia_porcellus,Anthony,368,5611826058629680230
4959014244974624228,host,Mus_musculus,Anthony,369,4266611939445510489
16343620222678899609,host,Tylonycteris robustula,Anthony,371,10137754587126459400
2823808112709584147,host,Myotis velifer,Anthony,372,12493147169816737882
708199416555294020,host,Tadarida brasiliensis,Anthony,373,6448058682466828712
15912912714455233318,host,Carollia sowelli,Anthony,374,15295530116751737929
5183322672228634595,host,Artibeus jamaicensis,Anthony,375,8925708141328805839
13425223201744606340,host,Artibeus phaeotis,Anthony,376,3864348504133900863
11388919727657739574,host,Carollia perspicillata,Anthony,377,15546463462756473567
2011422507919775331,host,Nyctinomops laticaudatus,Anthony,378,3678595264836373041
5221516767359171373,host,Lonchorhina aurita,Anthony,379,2090727806460270323
7399723695364522613,host,Eptesicus,Anthony,380,1192279301398068278
2701654432193646634,host,Arenaria interpres (ruddy turnstone),Anthony,382,688205662366678483
13596273957766663729,host,Calidris ruficollis (red-necked stint),Anthony,383,9925901120878402268
4387864581266895450,host,Tadorna radjah (radjah shelduck),Anthony,384,630575974588189565
12056154398845064914,host,Egretta picata (pied heron),Anthony,385,7146199425876875790
8386261393183136004,host,Anas superciliosa (Pacific black duck),Anthony,386,3281692976794553834
4095789837892408427,host,Anas gracilis (grey teal),Anthony,387,15689672270564655444
18074809615094461658,host,Calidris ferruginea (curlew sandpiper),Anthony,388,18148226570546089899
17744264793264159940,host,Nannopterum brasilianus,Anthony,389,4512792576546384457
8614403520173595824,host,Chroicocephalus ridibundus,Anthony,390,2382333189934982704
15356465825850237216,host,Larus fuscus,Anthony,391,9972414483321018076
3170891589595010588,host,Cygnus cygnus,Anthony,392,15266791825678471245
4644726237042066729,host,Larus argentatus,Anthony,393,9206137980072470687
6423102649351050987,host,Clangula hyemalis,Anthony,394,9971009145921508652
10248360069538589754,host,Columba sp.,Anthony,395,14473149311772947386
4034805984694985203,host,Hipposideros vittatus,Anthony,396,11542917214894199682
12904407988211642368,host,Bos taurus breed Holstein calf,Anthony,397,13413049758680395636
1731581300519578889,host,Bos taurus breed Holstein,Anthony,398,13413049758680395636
5660450705429816696,host,Phasianus colchicus,Anthony,399,17035019879358153750
13632113846361178613,host,Myotis riparius,Anthony,400,7789312109156709609
10652784548076879135,host,Myotis nigricans,Anthony,401,159257303190182083
1263356283052042710,host,Molossus rufus,Anthony,402,11479980143631911118
14530630254860965138,host,Eumops glaucinus,Anthony,403,9309433793162711074
270789817869723313,host,Bos taurus (cattle),Anthony,404,5549035660701021675
7137508460731687351,host,Myotis dasycneme,Anthony,411,3875856282904621454
17024989619519487196,host,Myotis daubentoni,Anthony,412,15202257867962613139
14288357556006778636,host,Nyctalus noctula,Anthony,413,11478728405163546840
16416476552697710774,host,Aythya marila,Anthony,414,4520118680799066492
2774394983526414356,host,Pteropus rufus,Anthony,416,13468799988700610622
16874751817292617980,host,Eidolon dupreanum,Anthony,417,3379896974318519173
1754328199560599208,host,Homo sapiens; sex: F; age: 11M,Anthony,418,7818969158599414049
15148302370192758302,host,Felis catus; sex: F,Anthony,419,13379558674117995900
5069444152070597992,host,Anas poecilorhyncha (spot-billed duck),Anthony,420,9773561649756683613
10524307696616432197,host,Anas acuta (pintail),Anthony,421,15787378637402938615
13725407943962169178,host,Mareca strepera,Anthony,422,13140071473913284639
15537062907378351997,host,Rhinolophus cornutus,Anthony,423,10060278741812459976
4323166950030324921,host,Pteronotus davyi,Anthony,424,17064341466385961562
17587580294958490762,host,Myotis nattereri,Anthony,430,11210812635536295881
16611521194275443092,host,Porphyrio martinica,Anthony,431,13787143828774569223
9368905446243618401,host,Penelope superciliaris,Anthony,432,2819172543351470056
14870987916869269114,host,Pavo cristatus,Anthony,433,10228823398720344921
12587420843098656421,host,Aptenodytes patagonicus,Anthony,434,13547364010348112970
10503113424497489387,host,Agamia agami,Anthony,435,18161282609721809475
12829085226540988762,host,Scotphilus kuhli large intestine,Anthony,436,12595400157982833518
358003848523298901,host,Anas platyrhynchos (Mallard),Anthony,437,2891395421696128734
13971004747105509920,host,Anser anser (graylag goose),Anthony,438,17063043757946391775
13167684390215294449,host,Columbia livia (pigeon),Anthony,439,3189490997457369820
17091574477156549797,host,Anas platyrhynchos (mallard),Anthony,440,2891395421696128734
6466073707209859858,host,Paguma larvata (Himalayan palm civets),Anthony,441,11544170334844401832
8096573634113229001,host,Rhinolophus blasii,Anthony,444,11071969895777969991
4307507709407003813,host,Rhinolophus ferrumequinum (horseshoe bat),Anthony,445,14529395692360872870
11786150681874119170,host,Rattus norvegicus (Norway rat),Anthony,447,16072804208128375959
6817262497870516572,host,Hypsugo pulveratus,Anthony,450,13584936480866312263
2957792279758768289,host,"Mus musculus, severe combined immunedeficiency",Anthony,451,18234192479669559098
16634389230524143658,host,Rattus argentiventer,Anthony,452,14024240012241079345
13515131366086650703,host,Sus scrofa (swine),Anthony,456,14728886377016561170
14347533335023223097,host,Myotis siligorensis,Anthony,459,15212564041108083105
8453878221947545045,host,Pipistrellus cf. hesperidus; specimen voucher:,Anthony,460,7536594410340566437
169498057368917817,host,Galliformes sp. (Quail),Anthony,461,8399328686559232720
14878495394649861719,host,Columbidae sp. (Pigeon),Anthony,462,7584922974390803985
6044358100577310860,host,Chlamydotis sp. (Houbara),Anthony,463,15951350181841027767
2030571939948990683,host,Falco sp.,Anthony,464,4332151797481487220
608413030643130233,host,Nyctalus velutinus,Anthony,465,4877320221639571557
11132900551995069343,host,Myotis sp.,Anthony,470,1145728765173367001
6927765344448681721,host,Sus scrofa scrofa,Anthony,471,461904584468835726
4662206404127419318,host,Chaerephon pumilus (bat),Anthony,472,12447657583935096647
357513631042978275,host,Cardioderma cor (bat),Anthony,473,16459827266513070267
1431817720084359170,host,Sus_scrofa,Anthony,475,14728886377016561170
7337360057052702136,host,Chinchilla lanigera,Anthony,476,14918677007302144627
6988833084980234985,host,Sorex araneus,Anthony,477,1466629347950840090
11903251083267228540,host,Meriones meridianus,Anthony,478,8901392126240018052
16828401332308571353,host,Bandicota indica,Anthony,479,6255292766506377002
7783556676458658071,host,Niviventer niviventer,Anthony,480,8121806907312508886
11877553997466934044,host,Apodemus peninsulae,Anthony,481,4898932640203912511
4218871923846891276,host,Myodes rufocanus,Anthony,482,16540120519371072062
6588372724416727989,host,Allactaga sibirica,Anthony,483,5237736931968892268
17792968148099837185,host,Tropidophorus sinicus,Anthony,484,7211615864593887018
5627831883372752583,host,Sus scrofa domesticus L.,Anthony,487,13095028822376472376
2578864226468313886,host,Vespertilio superans,Anthony,490,5555659681361588510
14452566429268088795,host,Eidolon helvum (bat),Anthony,491,9336824285797367536
12210782768942207883,host,Gallus gallus (chicken),Anthony,493,3248344960615667135
11554177273719625616,host,Microtus agrestis,Anthony,494,2704128519298049695
3275127919913065394,host,Gallus,Anthony,495,10588487226750518223
10395006048109046431,host,Myodes glareolus,Anthony,496,7244386597465352896
3410213954468657628,host,Rynchops niger,Anthony,497,4057566219123415005
17858842795954426638,host,Ia io,Anthony,499,2937205761563215043
14230900475388791726,host,Rhinolophus sp.; female; FMNH 228951,Anthony,500,1099109481974468750
1265998827668700397,host,Hipposideros caffer; male; FMNH 228981,Anthony,501,5051060129427717607
4805490934482593331,host,Hipposideros caffer; male; FMNH 228925,Anthony,502,5051060129427717607
16582114426417150088,host,Hipposideros caffer; female; FMNH 228933,Anthony,503,5051060129427717607
18400277136671581893,host,Hipposideros caffer; male; FMNH 229192,Anthony,504,5051060129427717607
15930821490852060035,host,Hipposideros caffer; male; FMNH 228924,Anthony,505,5051060129427717607
9424965115767199797,host,Nycteris thebaica; female; FMNH 228899,Anthony,506,12404210701541484081
10741280521105213954,host,Nycteris thebaica; female; FMNH 228901,Anthony,507,12404210701541484081
9418256510407721207,host,Nycteris thebaica; male; FMNH 228900,Anthony,508,12404210701541484081
1974403930535786,host,Miniopterus mossambicus; male; FMNH 228969,Anthony,509,233305353682351336
3004450731124693941,host,Miniopterus mossambicus; male; FMNH 228980,Anthony,510,233305353682351336
13914032236856665360,host,Triaenops afer; male; FMNH 229243,Anthony,511,10705782228161127666
3636302445736924924,host,Hipposideros caffer; male; FMNH 228926,Anthony,512,5051060129427717607
14677491091130784676,host,Triaenops menamena; male; FMNH 228861,Anthony,513,15851461700037715248
15610708617439462003,host,Triaenops menamena; male; FMNH 228865,Anthony,514,15851461700037715248
10211642474535491709,host,Triaenops afer; male; FMNH 228888,Anthony,515,10705782228161127666
17686925133200886225,host,Triaenops afer; male; FMNH 229241,Anthony,516,10705782228161127666
6511716443752831977,host,Triaenops afer; male; FMNH 228891,Anthony,517,10705782228161127666
14161026643835309969,host,Triaenops afer; male; FMNH 229212,Anthony,518,10705782228161127666
3536253489683160071,host,Triaenops afer; male; FMNH 229232,Anthony,519,10705782228161127666
17962143350365326442,host,Triaenops afer; male; FMNH 228887,Anthony,520,10705782228161127666
14570928048383311164,host,Triaenops afer; male; FMNH 228892,Anthony,521,10705782228161127666
8707784441378204506,host,Miniopterus mossambicus; male; FMNH 228978,Anthony,522,233305353682351336
1823135274908699172,host,Miniopterus mossambicus; male; FMNH 228971,Anthony,523,233305353682351336
14005854187631910869,host,Rousettus madagascariensis; female; FMNH 228822,Anthony,524,4094313175012322407
4720157045076514137,host,Rousettus madagascariensis; female; UADBA 50636,Anthony,525,4094313175012322407
8183394928169195187,host,Rousettus madagascariensis; male; FMNH 228832,Anthony,526,4094313175012322407
16151065874401156885,host,Rousettus madagascariensis; female; UADBA 50634,Anthony,527,4094313175012322407
3248659735524985446,host,Rousettus madagascariensis; female; UADBA 50617,Anthony,528,4094313175012322407
7584407109371260854,host,Rhinolophus lobatus; male; FMNH 228941,Anthony,529,6072260154080650781
1502643695073340880,host,Rhinolophus rhodesiae; female; FMNH 228949,Anthony,530,1099109481974468750
13960921889547346429,host,Rhinolophus rhodesiae; male; FMNH 228952,Anthony,531,1099109481974468750
3313553226653517345,host,Rhinolophus rhodesiae; male; FMNH 228953,Anthony,532,1099109481974468750
9608915924425943860,host,Rhinolophus lobatus; female; FMNH 228937,Anthony,533,6072260154080650781
16175583515068656747,host,Rhinolophus lobatus; male; FMNH 228939,Anthony,534,6072260154080650781
3156461542285890127,host,Rhinolophus rhodesiae; female; FMNH 228957,Anthony,535,1099109481974468750
12588527708655960934,host,Rhinolophus rhodesiae; male; FMNH 228945,Anthony,536,1099109481974468750
1161655120639377947,host,Rhinolophus rhodesiae; male; FMNH 228955,Anthony,537,1099109481974468750
4547390353243074852,host,Rhinolophus rhodesiae; female; FMNH 228963,Anthony,538,1099109481974468750
2430010708283394338,host,Rhinolophus lobatus; female; FMNH 228954,Anthony,539,6072260154080650781
15653220238755893812,host,Rhinolophus lobatus; male; FMNH 228938,Anthony,540,6072260154080650781
6551928275937040805,host,Rhinolophus rhodesiae; female; FMNH 228956,Anthony,541,1099109481974468750
8744035432674698787,host,Rhinolophus rhodesiae; male; FMNH 228962,Anthony,542,1099109481974468750
17277530606689083191,host,Rhinolophus lobatus; female; FMNH 228940,Anthony,543,6072260154080650781
12832922905032201411,host,Mormopterus jugularis; male; UADBA 33732,Anthony,544,13640625231437753431
15018693113311537946,host,Mormopterus sp. BBvV-2008; female,Anthony,545,9209433471656331638
11207142457054147924,host,Mormopterus sp. BBvV-2008; male,Anthony,546,9209433471656331638
13549192819813026764,host,Mormopterus jugularis; male; UADBA 33733,Anthony,547,13640625231437753431
8198447277971009456,host,Mormopterus jugularis; male; UADBA 33735,Anthony,548,13640625231437753431
16535945106864281560,host,Mormopterus jugularis; male; UADBA 33728,Anthony,549,13640625231437753431
14934067796326057161,host,Mormopterus jugularis; male; FMNH 222698,Anthony,550,13640625231437753431
14317489874325899375,host,Mormopterus jugularis; male; FMNH 222691,Anthony,551,13640625231437753431
1308041203012351983,host,Mormopterus jugularis; male; UADBA 33726,Anthony,552,13640625231437753431
13848621426023742270,host,Mops midas; male; FMNH 218096,Anthony,553,5043326377869465761
5072673930209168939,host,Mops midas; male; FMNH 218094,Anthony,554,5043326377869465761
5790685687266266283,host,Mops midas; male; UADBA 50262,Anthony,555,5043326377869465761
428858595656508377,host,Mops midas; male; UADBA 50260,Anthony,556,5043326377869465761
10393306638958110545,host,Chaerephon pusillus; female,Anthony,557,1705211694110987798
1061058106372840603,host,Chaerephon sp.; female,Anthony,558,12462132645354622296
2368444927263039058,host,Mops condylurus; female; FMNH 229286,Anthony,559,13867674971480903552
403639072581089568,host,Mops condylurus; female; FMNH 229301,Anthony,560,13867674971480903552
9231502149524629879,host,Mops condylurus; male; FMNH 229290,Anthony,561,13867674971480903552
696720838198990622,host,Mops condylurus; female; FMNH 229287,Anthony,562,13867674971480903552
18326294082811173528,host,Mops condylurus; female; FMNH 229309,Anthony,563,13867674971480903552
15752379521345308968,host,Mops condylurus; male; FMNH 229275,Anthony,564,13867674971480903552
6647881570641136170,host,Mops condylurus; female; FMNH 229296,Anthony,565,13867674971480903552
18410506491223917967,host,Mops condylurus; male; FMNH 229293,Anthony,566,13867674971480903552
17076228740802832582,host,Mops condylurus; female; FMNH 229303,Anthony,567,13867674971480903552
926661573390114229,host,Mops condylurus; male; FMNH 229266,Anthony,568,13867674971480903552
6034937867681299334,host,Nycteris thebaica; female; FMNH 228903,Anthony,569,12404210701541484081
17752343366939441593,host,Pipistrellus sp.,Anthony,570,16042727937008262774
5094615889763274796,host,Myotis horsfieldii,Anthony,571,6525397190251826234
6471296344795553910,host,Rhinolophus ferrumequinum (greater horseshoe bat),Anthony,572,14529395692360872870
4106536266337848355,host,Pteropus lylei,Anthony,573,9326868950983332200
13256252256774071856,host,Plecotus auritus,Anthony,574,9977290310100577362
10213035424953184446,host,Myotis oxygnathus,Anthony,575,11182293204143641850
9924959507726237378,host,Molossus molossus,Anthony,576,9810802998834875655
11029618755191905752,host,Eptesicus serotinus,Anthony,577,18043812438006517103
13474740570535909339,host,Vespertilio sinensis,Anthony,578,13914320124384468760
3165665732344088584,host,Oryctolagus cuniculus; breed: New Zealand rabbit,Anthony,579,16805230566005421771
12769685001494671462,host,Kerivoula titania,Anthony,580,94425025069500808
11982871999647437729,host,Desmodus rotundus,Anthony,581,12715269298465100717
11450183999375496319,host,Amazona virdigenalis (parrot),Anthony,582,11709459008082045967
12663965006328087520,host,Eptesicus fuscus (big brown bat),Anthony,583,5333037466334369247
3718194706673789998,host,Miniopterus sp. (bat),Anthony,584,10924795049631218265
11225548823150118274,host,Rhinolophus landeri (bat),Anthony,586,4359652272972492994
17273347272011879693,host,Epomophorus labiatus (bat),Anthony,587,11148934049762715996
7473929461967608104,host,Nyctalus leisleri,Anthony,588,8420886570335300508
6503656505939850405,host,Rhinolophus mehelyi,Anthony,589,8211218641162946958
12157915985155992037,host,Megaderma lyra,Anthony,592,5845452049956502291
319576301716909318,host,Taphozous melanopogon,Anthony,593,17250099666822435357
10740383786025822074,host,Scotophilus heathii,Anthony,594,15115314797247514266
17821360234135467329,host,Rhinolophus hipposideros,Anthony,595,10971839652161309511
15210293543603967284,host,"Miniopterus fuliginosus, feces",Anthony,596,13937208345049672659
17635542159945064400,host,"Miniopterus fuliginosus, intestine",Anthony,597,13937208345049672659
3925767240348674052,host,Sylvicapra grimmia,Anthony,599,12001186304952657425
1487751845201240983,host,Myotis petax,Anthony,600,16074928839898808468
14758299123338904771,host,Hypsugo alaschanicus,Anthony,601,212903888866163126
2716596034822372259,host,Eptesicus sp.,Anthony,602,1192279301398068278
15314285150094486649,host,Phyllostomus discolor,Anthony,603,13369456036907550570
2198010655068588801,host,Eptesicus japonensis,Anthony,604,12221043076588625447
11358249203778726667,host,Myotis ikonnikovi,Anthony,605,6807066237895512779
10403781963993897694,host,Myotis macrodactylus,Anthony,606,11746675149281882224
6055494390019030267,host,Larus marinus (great black-backed gull),Anthony,607,9666358128763634085
7236596502119029696,host,Larus smithsonianus (American herring gull),Anthony,608,11893001511909155855
12171581499021323605,host,Hipposideros cf ruber,Anthony,610,9818554748130852567
10274713963324006116,host,Micropteropus pusillus,Anthony,611,17363296510268711130
6448986309763528212,host,Epomophorus sp.,Anthony,612,6560726288607966141
11563124321298183380,host,Chaerephon pumilus,Anthony,613,12447657583935096647
15663282339354649617,host,Scotoecus sp.,Anthony,614,847799406892465706
91666522027836523,host,Epomophorus labiatus,Anthony,615,11148934049762715996
5971271947208978478,host,Epomophorus gambianus,Anthony,616,12091790025018652628
3724747169391829839,host,Pipistrellus inexspectatus,Anthony,617,8126867431652232587
2048079307013863958,host,Rattus flavipectus,Anthony,618,17313104969047588608
15334006330931261948,host,Rattus nitidus,Anthony,619,6419078537237514612
17812211492513609743,host,Apodemus draco,Anthony,620,14305921613624771219
4432491579328159798,host,Niviventer eha,Anthony,621,10707308426248833056
4275864542054106708,host,Lasiopodomys gregalis,Anthony,622,7945269442724264907
11668312520757486608,host,Apodemus sylvaticus,Anthony,623,4017289767094080241
4646137891386902746,host,Rattus rattus,Anthony,624,10375509152681684643
102972243336135183,host,Myodes rutilus,Anthony,625,13856165565294163028
13236849916635722268,host,Mus caroli,Anthony,626,14290247110052549309
16998109898345746360,host,Chaerephon sp.,Anthony,627,12462132645354622296
6933891368551300141,host,Chaerephon leucogaster,Anthony,628,4035816732700976729
14377514627941237989,host,Otomops martiensseni,Anthony,629,7515855977989252849
1411618862937261234,host,Miniopterus minor,Anthony,630,17677518894939083084
6058415396254022539,host,Eothenomys fidelis,Anthony,632,11473221336644775696
15675241735924752210,host,Apodemus ilex,Anthony,633,6320737721695850460
11115851184411900017,host,Myotis emarginatus,Anthony,634,17395616722773471461
8955173728094226577,host,Myotis fimbriatus,Anthony,635,3710062641886940660
11906381488452238313,host,Myotis pequinius,Anthony,636,16573994384663331822
8105662996308348999,host,Lepus granatensis,Anthony,637,13121412455998197638
14421884820229138258,host,Rattus sikkimensis,Anthony,638,12350302511597443810
1406743330975763420,host,Microtus arvalis,Anthony,639,14072879585038490506
3566610652991517369,host,Apodemus flavicollis,Anthony,640,326933718482303288
8428116876822873756,host,Mus domesticus,Anthony,641,18206327553418878991
12394718187002782224,host,Rhabdomys pumilio,Anthony,642,16439901677246160063
1296931810322185496,host,Liomys sp.,Anthony,643,4626577650200675245
15763530624304306194,host,Sigmodon sp.,Anthony,644,5853866920947898396
749736874943453681,host,Culex nebulosus,Anthony,645,10240936082942709192
548507414121015117,host,Miniopterus africanus (bat),Anthony,647,7306352268970771567
6646350974417076497,host,Hipposideros commersoni (bat),Anthony,648,6165898672587627252
10683076700122758063,host,Scotoecus sp. (bat),Anthony,649,847799406892465706
6426473782275680604,host,Otomops martiensseni (bat),Anthony,650,7515855977989252849
9426346346703768941,host,Megaerops kusnotoi,Anthony,651,9597926398932389503
17078982245487048679,host,Hipposideros cineraceus,Anthony,652,8188827253659399798
724220830176055509,host,Miniopterus fuscus,Anthony,653,8750651014518392453
6840368661520854023,host,Bos taurus (cow),Anthony,655,5549035660701021675
5616615748526012852,host,Macaca mulatta,Anthony,656,13437127210294629208
11448100408399823854,host,Myotis bechsteinii,Anthony,657,6230285815208115382
3860691659809294804,host,Haematopus ostralegus,Anthony,658,13041155656663726459
3465031928884554711,host,Molossus currentium,Anthony,659,15354228508042753088
11776561255712481709,host,Carollia brevicauda,Anthony,660,8614302811378499687
13937647997637617832,host,Anoura geoffroyi,Anthony,661,10470055156091240010
2436721160103018503,host,Nycteris sp.,Anthony,662,12019237986032244617
16936446856589009268,host,Gallus gallus; breed Appenzeller Spitzhauben,Anthony,663,3248344960615667135
6336152545693550511,host,Gallus domesticus,Anthony,666,10588487226750518223
12268370155841102324,host,Haematopus ostralegus (Eurasian oystercatcher),Anthony,667,7377656723238318387
8813747738386850515,host,Calidris canutus (red knot),Anthony,668,16864007074411963621
3148369861998728084,host,Crocuta crocuta,Anthony,669,71107785276650845
4523884860527183701,host,Anas superciliosa,Anthony,675,16977607460642551218
5148415116596291859,host,Apodemus spp.,Anthony,678,5272698449815396774
6277943261163921948,host,Gallus gallus (layer hen),Anthony,682,15183668445681741245
5725758526804257611,host,Gallus gallus domesticus,Anthony,684,15534490577963655240
8601738340214680663,host,Gallus gallus domesticus (chicken),Anthony,699,15534490577963655240
1087453288645014666,host,Gallus gallus (broiler),Anthony,701,3248344960615667135
4149982311266221117,host,Cynomops abrasus,Anthony,702,5369579527094048479
6719426264767794002,host,Cynomops planirostris,Anthony,703,1139920120212520919
2151779367732588760,host,Gallus gallus (broiler chicken),Anthony,706,15183668445681741245
16870110734993952477,host,Gallus gallus breed broiler,Anthony,707,15183668445681741245
5967259538286780241,host,Gallus gallus breed layer,Anthony,708,15183668445681741245
17754869854972590161,host,Gallus gallus broiler,Anthony,710,15183668445681741245
8639595335977782706,host,Bos taurus; calf,Anthony,713,5549035660701021675
4298076941361998074,host,Bos taurus; cow,Anthony,714,5549035660701021675
4992745948110835747,host,Equus caballus; young adult,Anthony,715,10290730532939929952
17753741137940618210,host,Perimyotis subflavus,Anthony,719,16379836748106473250
10076322564807509461,host,Spheniscus magellanicus,Anthony,720,7305285971115969209
9307441074479482192,host,Lama pacos (alpaca),Anthony,725,15543822033390899757
11129011105891341473,host,Gallus gallus (6-week-old broilers),Anthony,726,15183668445681741245
9461469258220546278,host,Gallus gallus (7-week-old broilers),Anthony,727,15183668445681741245
15128823573005458279,host,Gallus gallus (29-day-old broilers),Anthony,728,15183668445681741245
6277759006662986480,host,Gallus gallus (44 day-old broilers),Anthony,729,15183668445681741245
13057053752429416028,host,Canis mesomelas,Anthony,730,5052963234160739269
10896691275966662087,host,Ozimops sp. DP-2019,Anthony,731,7612441914984857658
14022183011904560933,host,Chalinolobus gouldii,Anthony,732,11641885778540138637
10317712720861842382,host,Falsistrellus mackenziei,Anthony,733,8422331062221466887
14373901031063917983,host,Eptesicus regulus,Anthony,734,9412126858085170605
9044180279500821224,host,Vespadelus baverstocki,Anthony,735,10945713984113773737
11554273827673480968,host,Chalinolobus morio,Anthony,736,15429366631382641548
8563165482547947400,host,Myotis brandtii,Anthony,741,16955235778762220162
2022948752778943958,host,Eptesicus nilssonii,Anthony,743,6468228752026549977
3458036854400498612,host,Gallus gallus (6 week-old broilers),Anthony,744,15183668445681741245
17410351664493564108,host,Miniopterus cf. natalensis,Anthony,745,11572282300678673650
17393771889471257342,host,Neoromicia cf. capensis,Anthony,746,711229478414453768
7153710603265507421,host,Mops cf. condylurus,Anthony,747,13867674971480903552
8378023408814357880,host,Miniopterus natalensis,Anthony,752,11572282300678673650
8468395181758282239,host,Rhinolophus capensis,Anthony,753,5554278082651057810
1134262065699306722,host,Neoromicia nanus,Anthony,754,17545686493755579223
13907529881305626355,host,Pipistrellus hesperidus,Anthony,755,5823469782688813866
2476922810778777351,host,Rhinolophus simulator,Anthony,756,3545831570559792305
6025240294759237019,host,Artibeus planirostris; adult male,Anthony,758,8910086377450224094
1065286780910887027,host,Gallus gallus (domestic chicken),Anthony,759,15183668445681741245
5184882864570940685,host,Myotis punicus,Anthony,760,15378942150491618529
12756569764870154155,host,Eptesicus isabellinus,Anthony,761,4643890258994267935
9922370430697377552,host,Myotis capaccinii,Anthony,762,11972615248058089466
8336517106254607540,host,Gallus gallus (48 week-old breeder layers),Anthony,764,15183668445681741245
1215082408545074624,host,Coturnix coturnix,Anthony,765,13551079482630030730
11838312420107372466,host,Sus scrofa (wild boar),Anthony,770,13095028822376472376
3153117323197064611,host,Myotis volans,Anthony,771,17897178038567089416
304068404938196701,host,Gallus gallus (layer),Anthony,773,3248344960615667135
6044843470572595417,host,Rhinolophus stheno,Anthony,774,5038984312940329993
2667445226800508270,host,Ara ararauna,Anthony,775,5135680995440254939
15422025904352255505,host,Myotis blythii,Anthony,776,2367277731110446458
9967318426479977396,host,Nyctalus lasiopterus,Anthony,777,9291835923470666230
16814729482674281715,host,Gallus gallus (layer breeder),Anthony,778,15183668445681741245
18087919699527902871,host,Gallus gallus (broiler breeder),Anthony,779,15183668445681741245
15266179167735834560,host,Cygnus cygnus (whooper swan),Anthony,780,2382517320897972267
8423647403923347904,host,Coturnix japonica,Anthony,781,11372570530819423979
10458679482594208719,host,Morelia viridis,Anthony,782,15173507821945249253
10564515592471550701,host,Euprepiophis mandarinus,Anthony,783,7705227053526586007
15337610839579633197,host,Myuchelys georgesi (Bellinger River snapping,Anthony,784,11621428146383652842
13314023827657943584,host,Capra hircus,Anthony,785,5248881743950064660
10429261771911490847,host,Equus caballus (horse),Anthony,786,7150537418873496604
14513865670862131881,host,Blicca bjoerkna L.,Anthony,787,12933722055206313514
10815324324723824616,host,Brotogeris tirica,Anthony,792,6985525527006506474
9701378524810672717,host,Mops midas,Anthony,793,5043326377869465761
12302376106474995340,host,Neoromicia sp.,Anthony,794,15850946186914712037
12747084747596146742,host,Miniopterus sp.,Anthony,795,10924795049631218265
1285280064269370905,virus,Betacoronavirus,Anthony,3,2836417750368705997
17592166570154755579,virus,Alphacoronavirus,Anthony,4,6345152777288808432
9880904342534520079,virus,unclassified Betacoronavirus,Anthony,5,2836417750368705997
12239402733915455098,virus,Gammacoronavirus,Anthony,10,4014883075804543574
9844002918929717779,virus,unclassified Alphacoronavirus,Anthony,11,6345152777288808432
10457824684515573362,virus,unclassified Gammacoronavirus,Anthony,12,4014883075804543574
15337777758673594074,virus,Myotis ricketti alphacoronavirus Sax-2011,Anthony,39,6345152777288808432
7423567392661796263,virus,Deltacoronavirus,Anthony,40,17073609398022735149
3382126641143608845,virus,Nyctalus velutinus alphacoronavirus SC-2013,Anthony,41,6345152777288808432
6244175308130841523,virus,Rhinolophus ferrumequinum alphacoronavirus HuB-2013,Anthony,42,6345152777288808432
16753642822891151705,virus,Bat Hp-betacoronavirus Zhejiang2013,Anthony,43,2836417750368705997
17617691095471422573,virus,unclassified Deltacoronavirus,Anthony,44,17073609398022735149
93040872307127427,virus,Torovirus,Anthony,51,3414600287937959506
15428658081621653072,virus,unclassified Torovirus,Anthony,52,3414600287937959506
12259858636546632965,virus,Equine torovirus,Anthony,54,3414600287937959506
3806992863273430139,virus,unclassified Coronaviridae,Anthony,47,17539522234216727717
16305823032851672584,virus,Nidovirales,Anthony,46,11032485011476569020
10696446180477822295,virus,unclassified Nidovirales,Anthony,49,11032485011476569020
